2026-05-14 10:16:16 | INFO | master | Loaded configuration from runs/20260514_101616_master_alpha158_csi300_20080101_20260331/config.yaml
2026-05-14 10:16:16 | INFO | master | Experiment configuration sections follow.
2026-05-14 10:16:16 | INFO | master | Using dataset universe=csi300, data_path=data/alpha158_csi300_20080101_20260331.parquet
2026-05-14 10:16:20 | INFO | master | swanlab tracking enabled for experiment master_alpha158_csi300_20080101_20260331
2026-05-14 10:17:10 | INFO | master | Epoch 1 | batch 100/3402 | train_loss=1.302079 | train_loss_pointwise=1.302079 | train_loss_ranknet=0.000000 | train_loss_lambda=0.000000 | lr=0.00000073
2026-05-14 10:17:15 | INFO | master | Epoch 1 | batch 200/3402 | train_loss=1.103554 | train_loss_pointwise=1.103554 | train_loss_ranknet=0.000000 | train_loss_lambda=0.000000 | lr=0.00000146
2026-05-14 10:17:19 | INFO | master | Epoch 1 | batch 300/3402 | train_loss=1.247944 | train_loss_pointwise=1.247944 | train_loss_ranknet=0.000000 | train_loss_lambda=0.000000 | lr=0.00000220
2026-05-14 10:17:24 | INFO | master | Epoch 1 | batch 400/3402 | train_loss=1.156302 | train_loss_pointwise=1.156302 | train_loss_ranknet=0.000000 | train_loss_lambda=0.000000 | lr=0.00000293
2026-05-14 10:17:29 | INFO | master | Epoch 1 | batch 500/3402 | train_loss=1.185840 | train_loss_pointwise=1.185840 | train_loss_ranknet=0.000000 | train_loss_lambda=0.000000 | lr=0.00000367
2026-05-14 10:17:33 | INFO | master | Epoch 1 | batch 600/3402 | train_loss=1.108548 | train_loss_pointwise=1.108548 | train_loss_ranknet=0.000000 | train_loss_lambda=0.000000 | lr=0.00000440
2026-05-14 10:17:38 | INFO | master | Epoch 1 | batch 700/3402 | train_loss=1.122299 | train_loss_pointwise=1.122299 | train_loss_ranknet=0.000000 | train_loss_lambda=0.000000 | lr=0.00000514
2026-05-14 10:17:43 | INFO | master | Epoch 1 | batch 800/3402 | train_loss=1.031294 | train_loss_pointwise=1.031294 | train_loss_ranknet=0.000000 | train_loss_lambda=0.000000 | lr=0.00000588
2026-05-14 10:17:47 | INFO | master | Epoch 1 | batch 900/3402 | train_loss=1.094194 | train_loss_pointwise=1.094194 | train_loss_ranknet=0.000000 | train_loss_lambda=0.000000 | lr=0.00000661
2026-05-14 10:17:51 | INFO | master | Epoch 1 | batch 1000/3402 | train_loss=1.076433 | train_loss_pointwise=1.076433 | train_loss_ranknet=0.000000 | train_loss_lambda=0.000000 | lr=0.00000735
2026-05-14 10:17:56 | INFO | master | Epoch 1 | batch 1100/3402 | train_loss=1.051812 | train_loss_pointwise=1.051812 | train_loss_ranknet=0.000000 | train_loss_lambda=0.000000 | lr=0.00000808
2026-05-14 10:18:01 | INFO | master | Epoch 1 | batch 1200/3402 | train_loss=1.094689 | train_loss_pointwise=1.094689 | train_loss_ranknet=0.000000 | train_loss_lambda=0.000000 | lr=0.00000882
2026-05-14 10:18:05 | INFO | master | Epoch 1 | batch 1300/3402 | train_loss=1.131097 | train_loss_pointwise=1.131097 | train_loss_ranknet=0.000000 | train_loss_lambda=0.000000 | lr=0.00000955
2026-05-14 10:18:10 | INFO | master | Epoch 1 | batch 1400/3402 | train_loss=1.057498 | train_loss_pointwise=1.057498 | train_loss_ranknet=0.000000 | train_loss_lambda=0.000000 | lr=0.00001000
2026-05-14 10:18:15 | INFO | master | Epoch 1 | batch 1500/3402 | train_loss=1.043472 | train_loss_pointwise=1.043472 | train_loss_ranknet=0.000000 | train_loss_lambda=0.000000 | lr=0.00001000
2026-05-14 10:18:19 | INFO | master | Epoch 1 | batch 1600/3402 | train_loss=1.075509 | train_loss_pointwise=1.075509 | train_loss_ranknet=0.000000 | train_loss_lambda=0.000000 | lr=0.00001000
2026-05-14 10:18:24 | INFO | master | Epoch 1 | batch 1700/3402 | train_loss=1.023777 | train_loss_pointwise=1.023777 | train_loss_ranknet=0.000000 | train_loss_lambda=0.000000 | lr=0.00001000
2026-05-14 10:18:28 | INFO | master | Epoch 1 | batch 1800/3402 | train_loss=0.961950 | train_loss_pointwise=0.961950 | train_loss_ranknet=0.000000 | train_loss_lambda=0.000000 | lr=0.00001000
2026-05-14 10:18:33 | INFO | master | Epoch 1 | batch 1900/3402 | train_loss=0.986288 | train_loss_pointwise=0.986288 | train_loss_ranknet=0.000000 | train_loss_lambda=0.000000 | lr=0.00001000
2026-05-14 10:18:37 | INFO | master | Epoch 1 | batch 2000/3402 | train_loss=1.018982 | train_loss_pointwise=1.018982 | train_loss_ranknet=0.000000 | train_loss_lambda=0.000000 | lr=0.00001000
2026-05-14 10:18:42 | INFO | master | Epoch 1 | batch 2100/3402 | train_loss=1.038976 | train_loss_pointwise=1.038976 | train_loss_ranknet=0.000000 | train_loss_lambda=0.000000 | lr=0.00001000
2026-05-14 10:18:46 | INFO | master | Epoch 1 | batch 2200/3402 | train_loss=1.011561 | train_loss_pointwise=1.011561 | train_loss_ranknet=0.000000 | train_loss_lambda=0.000000 | lr=0.00001000
2026-05-14 10:18:50 | INFO | master | Epoch 1 | batch 2300/3402 | train_loss=1.019938 | train_loss_pointwise=1.019938 | train_loss_ranknet=0.000000 | train_loss_lambda=0.000000 | lr=0.00001000
2026-05-14 10:18:55 | INFO | master | Epoch 1 | batch 2400/3402 | train_loss=0.998939 | train_loss_pointwise=0.998939 | train_loss_ranknet=0.000000 | train_loss_lambda=0.000000 | lr=0.00001000
2026-05-14 10:19:01 | INFO | master | Epoch 1 | batch 2500/3402 | train_loss=1.059313 | train_loss_pointwise=1.059313 | train_loss_ranknet=0.000000 | train_loss_lambda=0.000000 | lr=0.00001000
2026-05-14 10:19:05 | INFO | master | Epoch 1 | batch 2600/3402 | train_loss=1.023857 | train_loss_pointwise=1.023857 | train_loss_ranknet=0.000000 | train_loss_lambda=0.000000 | lr=0.00001000
2026-05-14 10:19:10 | INFO | master | Epoch 1 | batch 2700/3402 | train_loss=0.975615 | train_loss_pointwise=0.975615 | train_loss_ranknet=0.000000 | train_loss_lambda=0.000000 | lr=0.00001000
2026-05-14 10:19:14 | INFO | master | Epoch 1 | batch 2800/3402 | train_loss=1.054378 | train_loss_pointwise=1.054378 | train_loss_ranknet=0.000000 | train_loss_lambda=0.000000 | lr=0.00001000
2026-05-14 10:19:18 | INFO | master | Epoch 1 | batch 2900/3402 | train_loss=1.007948 | train_loss_pointwise=1.007948 | train_loss_ranknet=0.000000 | train_loss_lambda=0.000000 | lr=0.00001000
2026-05-14 10:19:22 | INFO | master | Epoch 1 | batch 3000/3402 | train_loss=0.989955 | train_loss_pointwise=0.989955 | train_loss_ranknet=0.000000 | train_loss_lambda=0.000000 | lr=0.00001000
2026-05-14 10:19:27 | INFO | master | Epoch 1 | batch 3100/3402 | train_loss=1.025144 | train_loss_pointwise=1.025144 | train_loss_ranknet=0.000000 | train_loss_lambda=0.000000 | lr=0.00001000
2026-05-14 10:19:32 | INFO | master | Epoch 1 | batch 3200/3402 | train_loss=1.019454 | train_loss_pointwise=1.019454 | train_loss_ranknet=0.000000 | train_loss_lambda=0.000000 | lr=0.00001000
2026-05-14 10:19:36 | INFO | master | Epoch 1 | batch 3300/3402 | train_loss=1.026730 | train_loss_pointwise=1.026730 | train_loss_ranknet=0.000000 | train_loss_lambda=0.000000 | lr=0.00001000
2026-05-14 10:19:40 | INFO | master | Epoch 1 | batch 3400/3402 | train_loss=1.035451 | train_loss_pointwise=1.035451 | train_loss_ranknet=0.000000 | train_loss_lambda=0.000000 | lr=0.00001000
2026-05-14 10:19:40 | INFO | master | Epoch 1 | batch 3402/3402 | train_loss=1.055928 | train_loss_pointwise=1.055928 | train_loss_ranknet=0.000000 | train_loss_lambda=0.000000 | lr=0.00001000
2026-05-14 10:19:52 | INFO | master | Epoch 1 | train_loss=1.060310 | valid_loss=1.002857 | valid_loss_pointwise=1.002857 | valid_loss_ranknet=0.000000 | valid_loss_lambda=0.000000 | monitor=rank_ic=0.051355 | early_stop_bad_epochs=0/10 | R2=-0.005251 | IC=0.054753 | ICIR=0.349675 | RIC=0.051355 | RICIR=0.336888 | samples=143608.000000 | total_trading_days=479.000000 | NDCG@30=0.379514 | NDCGIR@30=3.812708 | PORTFOLIO_NDCG_HARD@30=0.386717 | PORTFOLIO_NDCG_HARDIR@30=4.262289 | PORTFOLIO_NDCG_SOFT@30=0.390183 | PORTFOLIO_NDCG_SOFTIR@30=4.369348 | TOPK_OVERLAP@5=0.017119 | TOPK_OVERLAPIR@5=0.277751 | TOPK_OVERLAP@10=0.034238 | TOPK_OVERLAPIR@10=0.540998 | TOPK_OVERLAP@20=0.062839 | TOPK_OVERLAPIR@20=0.926485 | TOPK_OVERLAP@30=0.095198 | TOPK_OVERLAPIR@30=1.326886 | TOPK_OVERLAP@40=0.127923 | TOPK_OVERLAPIR@40=1.733101 | TOPK_OVERLAP@50=0.165386 | TOPK_OVERLAPIR@50=2.180315
2026-05-14 10:19:52 | INFO | master | Monitor rank_ic improved at epoch 1. Best epoch=1, best_monitor_value=0.051355 | best_valid_loss=1.002857 | best_train_loss=1.060310
2026-05-14 10:19:58 | INFO | master | Epoch 2 | batch 100/3402 | train_loss=0.941947 | train_loss_pointwise=0.941947 | train_loss_ranknet=0.000000 | train_loss_lambda=0.000000 | lr=0.00001000
2026-05-14 10:20:02 | INFO | master | Epoch 2 | batch 200/3402 | train_loss=0.986928 | train_loss_pointwise=0.986928 | train_loss_ranknet=0.000000 | train_loss_lambda=0.000000 | lr=0.00001000
2026-05-14 10:20:07 | INFO | master | Epoch 2 | batch 300/3402 | train_loss=1.013132 | train_loss_pointwise=1.013132 | train_loss_ranknet=0.000000 | train_loss_lambda=0.000000 | lr=0.00001000
2026-05-14 10:20:11 | INFO | master | Epoch 2 | batch 400/3402 | train_loss=0.971447 | train_loss_pointwise=0.971447 | train_loss_ranknet=0.000000 | train_loss_lambda=0.000000 | lr=0.00001000
2026-05-14 10:20:15 | INFO | master | Epoch 2 | batch 500/3402 | train_loss=0.995255 | train_loss_pointwise=0.995255 | train_loss_ranknet=0.000000 | train_loss_lambda=0.000000 | lr=0.00001000
2026-05-14 10:20:20 | INFO | master | Epoch 2 | batch 600/3402 | train_loss=1.015112 | train_loss_pointwise=1.015112 | train_loss_ranknet=0.000000 | train_loss_lambda=0.000000 | lr=0.00001000
2026-05-14 10:20:25 | INFO | master | Epoch 2 | batch 700/3402 | train_loss=0.951288 | train_loss_pointwise=0.951288 | train_loss_ranknet=0.000000 | train_loss_lambda=0.000000 | lr=0.00001000
2026-05-14 10:20:29 | INFO | master | Epoch 2 | batch 800/3402 | train_loss=1.056306 | train_loss_pointwise=1.056306 | train_loss_ranknet=0.000000 | train_loss_lambda=0.000000 | lr=0.00001000
2026-05-14 10:20:34 | INFO | master | Epoch 2 | batch 900/3402 | train_loss=0.971212 | train_loss_pointwise=0.971212 | train_loss_ranknet=0.000000 | train_loss_lambda=0.000000 | lr=0.00001000
2026-05-14 10:20:38 | INFO | master | Epoch 2 | batch 1000/3402 | train_loss=1.007870 | train_loss_pointwise=1.007870 | train_loss_ranknet=0.000000 | train_loss_lambda=0.000000 | lr=0.00001000
2026-05-14 10:20:43 | INFO | master | Epoch 2 | batch 1100/3402 | train_loss=0.957700 | train_loss_pointwise=0.957700 | train_loss_ranknet=0.000000 | train_loss_lambda=0.000000 | lr=0.00001000
2026-05-14 10:20:47 | INFO | master | Epoch 2 | batch 1200/3402 | train_loss=0.991175 | train_loss_pointwise=0.991175 | train_loss_ranknet=0.000000 | train_loss_lambda=0.000000 | lr=0.00001000
2026-05-14 10:20:52 | INFO | master | Epoch 2 | batch 1300/3402 | train_loss=0.978869 | train_loss_pointwise=0.978869 | train_loss_ranknet=0.000000 | train_loss_lambda=0.000000 | lr=0.00001000
2026-05-14 10:20:57 | INFO | master | Epoch 2 | batch 1400/3402 | train_loss=1.020002 | train_loss_pointwise=1.020002 | train_loss_ranknet=0.000000 | train_loss_lambda=0.000000 | lr=0.00001000
2026-05-14 10:21:01 | INFO | master | Epoch 2 | batch 1500/3402 | train_loss=1.040242 | train_loss_pointwise=1.040242 | train_loss_ranknet=0.000000 | train_loss_lambda=0.000000 | lr=0.00001000
2026-05-14 10:21:05 | INFO | master | Epoch 2 | batch 1600/3402 | train_loss=0.960604 | train_loss_pointwise=0.960604 | train_loss_ranknet=0.000000 | train_loss_lambda=0.000000 | lr=0.00001000
2026-05-14 10:21:10 | INFO | master | Epoch 2 | batch 1700/3402 | train_loss=0.936991 | train_loss_pointwise=0.936991 | train_loss_ranknet=0.000000 | train_loss_lambda=0.000000 | lr=0.00001000
2026-05-14 10:21:15 | INFO | master | Epoch 2 | batch 1800/3402 | train_loss=1.007263 | train_loss_pointwise=1.007263 | train_loss_ranknet=0.000000 | train_loss_lambda=0.000000 | lr=0.00001000
2026-05-14 10:21:19 | INFO | master | Epoch 2 | batch 1900/3402 | train_loss=1.014109 | train_loss_pointwise=1.014109 | train_loss_ranknet=0.000000 | train_loss_lambda=0.000000 | lr=0.00001000
2026-05-14 10:21:24 | INFO | master | Epoch 2 | batch 2000/3402 | train_loss=1.053001 | train_loss_pointwise=1.053001 | train_loss_ranknet=0.000000 | train_loss_lambda=0.000000 | lr=0.00001000
2026-05-14 10:21:28 | INFO | master | Epoch 2 | batch 2100/3402 | train_loss=0.963823 | train_loss_pointwise=0.963823 | train_loss_ranknet=0.000000 | train_loss_lambda=0.000000 | lr=0.00001000
2026-05-14 10:21:33 | INFO | master | Epoch 2 | batch 2200/3402 | train_loss=1.010303 | train_loss_pointwise=1.010303 | train_loss_ranknet=0.000000 | train_loss_lambda=0.000000 | lr=0.00001000
2026-05-14 10:21:37 | INFO | master | Epoch 2 | batch 2300/3402 | train_loss=0.994686 | train_loss_pointwise=0.994686 | train_loss_ranknet=0.000000 | train_loss_lambda=0.000000 | lr=0.00001000
2026-05-14 10:21:42 | INFO | master | Epoch 2 | batch 2400/3402 | train_loss=1.030919 | train_loss_pointwise=1.030919 | train_loss_ranknet=0.000000 | train_loss_lambda=0.000000 | lr=0.00001000
2026-05-14 10:21:46 | INFO | master | Epoch 2 | batch 2500/3402 | train_loss=1.110425 | train_loss_pointwise=1.110425 | train_loss_ranknet=0.000000 | train_loss_lambda=0.000000 | lr=0.00001000
2026-05-14 10:21:51 | INFO | master | Epoch 2 | batch 2600/3402 | train_loss=1.004270 | train_loss_pointwise=1.004270 | train_loss_ranknet=0.000000 | train_loss_lambda=0.000000 | lr=0.00001000
2026-05-14 10:21:56 | INFO | master | Epoch 2 | batch 2700/3402 | train_loss=1.000705 | train_loss_pointwise=1.000705 | train_loss_ranknet=0.000000 | train_loss_lambda=0.000000 | lr=0.00001000
2026-05-14 10:22:00 | INFO | master | Epoch 2 | batch 2800/3402 | train_loss=0.955539 | train_loss_pointwise=0.955539 | train_loss_ranknet=0.000000 | train_loss_lambda=0.000000 | lr=0.00001000
2026-05-14 10:22:04 | INFO | master | Epoch 2 | batch 2900/3402 | train_loss=1.038997 | train_loss_pointwise=1.038997 | train_loss_ranknet=0.000000 | train_loss_lambda=0.000000 | lr=0.00001000
2026-05-14 10:22:09 | INFO | master | Epoch 2 | batch 3000/3402 | train_loss=0.967559 | train_loss_pointwise=0.967559 | train_loss_ranknet=0.000000 | train_loss_lambda=0.000000 | lr=0.00001000
2026-05-14 10:22:13 | INFO | master | Epoch 2 | batch 3100/3402 | train_loss=1.007053 | train_loss_pointwise=1.007053 | train_loss_ranknet=0.000000 | train_loss_lambda=0.000000 | lr=0.00001000
2026-05-14 10:22:18 | INFO | master | Epoch 2 | batch 3200/3402 | train_loss=0.958638 | train_loss_pointwise=0.958638 | train_loss_ranknet=0.000000 | train_loss_lambda=0.000000 | lr=0.00001000
2026-05-14 10:22:22 | INFO | master | Epoch 2 | batch 3300/3402 | train_loss=1.071357 | train_loss_pointwise=1.071357 | train_loss_ranknet=0.000000 | train_loss_lambda=0.000000 | lr=0.00001000
2026-05-14 10:22:26 | INFO | master | Epoch 2 | batch 3400/3402 | train_loss=1.015757 | train_loss_pointwise=1.015757 | train_loss_ranknet=0.000000 | train_loss_lambda=0.000000 | lr=0.00001000
2026-05-14 10:22:26 | INFO | master | Epoch 2 | batch 3402/3402 | train_loss=1.013562 | train_loss_pointwise=1.013562 | train_loss_ranknet=0.000000 | train_loss_lambda=0.000000 | lr=0.00001000
2026-05-14 10:22:39 | INFO | master | Epoch 2 | train_loss=0.995067 | valid_loss=0.993600 | valid_loss_pointwise=0.993600 | valid_loss_ranknet=0.000000 | valid_loss_lambda=0.000000 | monitor=rank_ic=0.066365 | early_stop_bad_epochs=0/10 | R2=0.004029 | IC=0.069685 | ICIR=0.493980 | RIC=0.066365 | RICIR=0.481512 | samples=143608.000000 | total_trading_days=479.000000 | NDCG@30=0.388967 | NDCGIR@30=3.360026 | PORTFOLIO_NDCG_HARD@30=0.395345 | PORTFOLIO_NDCG_HARDIR@30=3.824710 | PORTFOLIO_NDCG_SOFT@30=0.398842 | PORTFOLIO_NDCG_SOFTIR@30=3.936043 | TOPK_OVERLAP@5=0.006263 | TOPK_OVERLAPIR@5=0.179799 | TOPK_OVERLAP@10=0.023173 | TOPK_OVERLAPIR@10=0.432868 | TOPK_OVERLAP@20=0.051357 | TOPK_OVERLAPIR@20=0.790529 | TOPK_OVERLAP@30=0.089492 | TOPK_OVERLAPIR@30=1.231271 | TOPK_OVERLAP@40=0.126827 | TOPK_OVERLAPIR@40=1.671093 | TOPK_OVERLAP@50=0.166722 | TOPK_OVERLAPIR@50=2.112773
2026-05-14 10:22:39 | INFO | master | Monitor rank_ic improved at epoch 2. Best epoch=2, best_monitor_value=0.066365 | best_valid_loss=0.993600 | best_train_loss=0.995067
2026-05-14 10:22:44 | INFO | master | Epoch 3 | batch 100/3402 | train_loss=1.032645 | train_loss_pointwise=1.032645 | train_loss_ranknet=0.000000 | train_loss_lambda=0.000000 | lr=0.00001000
2026-05-14 10:22:47 | INFO | master | Epoch 3 | batch 200/3402 | train_loss=0.991748 | train_loss_pointwise=0.991748 | train_loss_ranknet=0.000000 | train_loss_lambda=0.000000 | lr=0.00001000
2026-05-14 10:22:51 | INFO | master | Epoch 3 | batch 300/3402 | train_loss=0.981369 | train_loss_pointwise=0.981369 | train_loss_ranknet=0.000000 | train_loss_lambda=0.000000 | lr=0.00001000
2026-05-14 10:22:55 | INFO | master | Epoch 3 | batch 400/3402 | train_loss=0.987464 | train_loss_pointwise=0.987464 | train_loss_ranknet=0.000000 | train_loss_lambda=0.000000 | lr=0.00001000
2026-05-14 10:23:00 | INFO | master | Epoch 3 | batch 500/3402 | train_loss=1.005697 | train_loss_pointwise=1.005697 | train_loss_ranknet=0.000000 | train_loss_lambda=0.000000 | lr=0.00001000
2026-05-14 10:23:04 | INFO | master | Epoch 3 | batch 600/3402 | train_loss=1.029952 | train_loss_pointwise=1.029952 | train_loss_ranknet=0.000000 | train_loss_lambda=0.000000 | lr=0.00001000
2026-05-14 10:23:08 | INFO | master | Epoch 3 | batch 700/3402 | train_loss=1.018249 | train_loss_pointwise=1.018249 | train_loss_ranknet=0.000000 | train_loss_lambda=0.000000 | lr=0.00001000
2026-05-14 10:23:12 | INFO | master | Epoch 3 | batch 800/3402 | train_loss=0.895694 | train_loss_pointwise=0.895694 | train_loss_ranknet=0.000000 | train_loss_lambda=0.000000 | lr=0.00001000
2026-05-14 10:23:16 | INFO | master | Epoch 3 | batch 900/3402 | train_loss=0.978311 | train_loss_pointwise=0.978311 | train_loss_ranknet=0.000000 | train_loss_lambda=0.000000 | lr=0.00001000
2026-05-14 10:23:21 | INFO | master | Epoch 3 | batch 1000/3402 | train_loss=1.019961 | train_loss_pointwise=1.019961 | train_loss_ranknet=0.000000 | train_loss_lambda=0.000000 | lr=0.00001000
2026-05-14 10:23:25 | INFO | master | Epoch 3 | batch 1100/3402 | train_loss=1.109747 | train_loss_pointwise=1.109747 | train_loss_ranknet=0.000000 | train_loss_lambda=0.000000 | lr=0.00001000
2026-05-14 10:23:31 | INFO | master | Epoch 3 | batch 1200/3402 | train_loss=1.024058 | train_loss_pointwise=1.024058 | train_loss_ranknet=0.000000 | train_loss_lambda=0.000000 | lr=0.00001000
2026-05-14 10:23:35 | INFO | master | Epoch 3 | batch 1300/3402 | train_loss=0.950309 | train_loss_pointwise=0.950309 | train_loss_ranknet=0.000000 | train_loss_lambda=0.000000 | lr=0.00001000
2026-05-14 10:23:39 | INFO | master | Epoch 3 | batch 1400/3402 | train_loss=1.001945 | train_loss_pointwise=1.001945 | train_loss_ranknet=0.000000 | train_loss_lambda=0.000000 | lr=0.00001000
2026-05-14 10:23:44 | INFO | master | Epoch 3 | batch 1500/3402 | train_loss=0.984466 | train_loss_pointwise=0.984466 | train_loss_ranknet=0.000000 | train_loss_lambda=0.000000 | lr=0.00001000
2026-05-14 10:23:48 | INFO | master | Epoch 3 | batch 1600/3402 | train_loss=1.007805 | train_loss_pointwise=1.007805 | train_loss_ranknet=0.000000 | train_loss_lambda=0.000000 | lr=0.00001000
2026-05-14 10:23:52 | INFO | master | Epoch 3 | batch 1700/3402 | train_loss=0.958923 | train_loss_pointwise=0.958923 | train_loss_ranknet=0.000000 | train_loss_lambda=0.000000 | lr=0.00001000
2026-05-14 10:23:57 | INFO | master | Epoch 3 | batch 1800/3402 | train_loss=0.979510 | train_loss_pointwise=0.979510 | train_loss_ranknet=0.000000 | train_loss_lambda=0.000000 | lr=0.00001000
2026-05-14 10:24:01 | INFO | master | Epoch 3 | batch 1900/3402 | train_loss=0.971769 | train_loss_pointwise=0.971769 | train_loss_ranknet=0.000000 | train_loss_lambda=0.000000 | lr=0.00001000
2026-05-14 10:24:06 | INFO | master | Epoch 3 | batch 2000/3402 | train_loss=0.976704 | train_loss_pointwise=0.976704 | train_loss_ranknet=0.000000 | train_loss_lambda=0.000000 | lr=0.00001000
2026-05-14 10:24:11 | INFO | master | Epoch 3 | batch 2100/3402 | train_loss=0.993352 | train_loss_pointwise=0.993352 | train_loss_ranknet=0.000000 | train_loss_lambda=0.000000 | lr=0.00001000
2026-05-14 10:24:15 | INFO | master | Epoch 3 | batch 2200/3402 | train_loss=1.036424 | train_loss_pointwise=1.036424 | train_loss_ranknet=0.000000 | train_loss_lambda=0.000000 | lr=0.00001000
2026-05-14 10:24:19 | INFO | master | Epoch 3 | batch 2300/3402 | train_loss=1.004725 | train_loss_pointwise=1.004725 | train_loss_ranknet=0.000000 | train_loss_lambda=0.000000 | lr=0.00001000
2026-05-14 10:24:24 | INFO | master | Epoch 3 | batch 2400/3402 | train_loss=0.975596 | train_loss_pointwise=0.975596 | train_loss_ranknet=0.000000 | train_loss_lambda=0.000000 | lr=0.00001000
2026-05-14 10:24:29 | INFO | master | Epoch 3 | batch 2500/3402 | train_loss=0.937609 | train_loss_pointwise=0.937609 | train_loss_ranknet=0.000000 | train_loss_lambda=0.000000 | lr=0.00001000
2026-05-14 10:24:33 | INFO | master | Epoch 3 | batch 2600/3402 | train_loss=0.912821 | train_loss_pointwise=0.912821 | train_loss_ranknet=0.000000 | train_loss_lambda=0.000000 | lr=0.00001000
2026-05-14 10:24:38 | INFO | master | Epoch 3 | batch 2700/3402 | train_loss=0.966971 | train_loss_pointwise=0.966971 | train_loss_ranknet=0.000000 | train_loss_lambda=0.000000 | lr=0.00001000
2026-05-14 10:24:42 | INFO | master | Epoch 3 | batch 2800/3402 | train_loss=0.904640 | train_loss_pointwise=0.904640 | train_loss_ranknet=0.000000 | train_loss_lambda=0.000000 | lr=0.00001000
2026-05-14 10:24:47 | INFO | master | Epoch 3 | batch 2900/3402 | train_loss=0.980087 | train_loss_pointwise=0.980087 | train_loss_ranknet=0.000000 | train_loss_lambda=0.000000 | lr=0.00001000
2026-05-14 10:24:51 | INFO | master | Epoch 3 | batch 3000/3402 | train_loss=1.028620 | train_loss_pointwise=1.028620 | train_loss_ranknet=0.000000 | train_loss_lambda=0.000000 | lr=0.00001000
2026-05-14 10:24:55 | INFO | master | Epoch 3 | batch 3100/3402 | train_loss=0.970621 | train_loss_pointwise=0.970621 | train_loss_ranknet=0.000000 | train_loss_lambda=0.000000 | lr=0.00001000
2026-05-14 10:25:00 | INFO | master | Epoch 3 | batch 3200/3402 | train_loss=0.961716 | train_loss_pointwise=0.961716 | train_loss_ranknet=0.000000 | train_loss_lambda=0.000000 | lr=0.00001000
2026-05-14 10:25:04 | INFO | master | Epoch 3 | batch 3300/3402 | train_loss=0.979327 | train_loss_pointwise=0.979327 | train_loss_ranknet=0.000000 | train_loss_lambda=0.000000 | lr=0.00001000
2026-05-14 10:25:09 | INFO | master | Epoch 3 | batch 3400/3402 | train_loss=0.977530 | train_loss_pointwise=0.977530 | train_loss_ranknet=0.000000 | train_loss_lambda=0.000000 | lr=0.00001000
2026-05-14 10:25:09 | INFO | master | Epoch 3 | batch 3402/3402 | train_loss=0.967773 | train_loss_pointwise=0.967773 | train_loss_ranknet=0.000000 | train_loss_lambda=0.000000 | lr=0.00001000
2026-05-14 10:25:21 | INFO | master | Epoch 3 | train_loss=0.988366 | valid_loss=0.994126 | valid_loss_pointwise=0.994126 | valid_loss_ranknet=0.000000 | valid_loss_lambda=0.000000 | monitor=rank_ic=0.065167 | early_stop_bad_epochs=1/10 | R2=0.003501 | IC=0.068609 | ICIR=0.447349 | RIC=0.065167 | RICIR=0.434035 | samples=143608.000000 | total_trading_days=479.000000 | NDCG@30=0.388267 | NDCGIR@30=2.996037 | PORTFOLIO_NDCG_HARD@30=0.393138 | PORTFOLIO_NDCG_HARDIR@30=3.321019 | PORTFOLIO_NDCG_SOFT@30=0.396505 | PORTFOLIO_NDCG_SOFTIR@30=3.416236 | TOPK_OVERLAP@5=0.004175 | TOPK_OVERLAPIR@5=0.146020 | TOPK_OVERLAP@10=0.013987 | TOPK_OVERLAPIR@10=0.343062 | TOPK_OVERLAP@20=0.042693 | TOPK_OVERLAPIR@20=0.774782 | TOPK_OVERLAP@30=0.078706 | TOPK_OVERLAPIR@30=1.191670 | TOPK_OVERLAP@40=0.115031 | TOPK_OVERLAPIR@40=1.538785 | TOPK_OVERLAP@50=0.152651 | TOPK_OVERLAPIR@50=1.843676
2026-05-14 10:25:25 | INFO | master | Epoch 4 | batch 100/3402 | train_loss=1.017552 | train_loss_pointwise=1.017552 | train_loss_ranknet=0.000000 | train_loss_lambda=0.000000 | lr=0.00001000
2026-05-14 10:25:30 | INFO | master | Epoch 4 | batch 200/3402 | train_loss=0.994967 | train_loss_pointwise=0.994967 | train_loss_ranknet=0.000000 | train_loss_lambda=0.000000 | lr=0.00001000
2026-05-14 10:25:34 | INFO | master | Epoch 4 | batch 300/3402 | train_loss=0.977653 | train_loss_pointwise=0.977653 | train_loss_ranknet=0.000000 | train_loss_lambda=0.000000 | lr=0.00001000
2026-05-14 10:25:39 | INFO | master | Epoch 4 | batch 400/3402 | train_loss=0.987683 | train_loss_pointwise=0.987683 | train_loss_ranknet=0.000000 | train_loss_lambda=0.000000 | lr=0.00001000
2026-05-14 10:25:43 | INFO | master | Epoch 4 | batch 500/3402 | train_loss=0.945228 | train_loss_pointwise=0.945228 | train_loss_ranknet=0.000000 | train_loss_lambda=0.000000 | lr=0.00001000
2026-05-14 10:25:48 | INFO | master | Epoch 4 | batch 600/3402 | train_loss=0.955952 | train_loss_pointwise=0.955952 | train_loss_ranknet=0.000000 | train_loss_lambda=0.000000 | lr=0.00001000
2026-05-14 10:25:52 | INFO | master | Epoch 4 | batch 700/3402 | train_loss=0.989801 | train_loss_pointwise=0.989801 | train_loss_ranknet=0.000000 | train_loss_lambda=0.000000 | lr=0.00001000
2026-05-14 10:25:56 | INFO | master | Epoch 4 | batch 800/3402 | train_loss=1.015226 | train_loss_pointwise=1.015226 | train_loss_ranknet=0.000000 | train_loss_lambda=0.000000 | lr=0.00001000
2026-05-14 10:26:00 | INFO | master | Epoch 4 | batch 900/3402 | train_loss=0.866449 | train_loss_pointwise=0.866449 | train_loss_ranknet=0.000000 | train_loss_lambda=0.000000 | lr=0.00001000
2026-05-14 10:26:05 | INFO | master | Epoch 4 | batch 1000/3402 | train_loss=0.986855 | train_loss_pointwise=0.986855 | train_loss_ranknet=0.000000 | train_loss_lambda=0.000000 | lr=0.00001000
2026-05-14 10:26:09 | INFO | master | Epoch 4 | batch 1100/3402 | train_loss=0.893522 | train_loss_pointwise=0.893522 | train_loss_ranknet=0.000000 | train_loss_lambda=0.000000 | lr=0.00001000
2026-05-14 10:26:13 | INFO | master | Epoch 4 | batch 1200/3402 | train_loss=0.947991 | train_loss_pointwise=0.947991 | train_loss_ranknet=0.000000 | train_loss_lambda=0.000000 | lr=0.00001000
2026-05-14 10:26:18 | INFO | master | Epoch 4 | batch 1300/3402 | train_loss=0.984106 | train_loss_pointwise=0.984106 | train_loss_ranknet=0.000000 | train_loss_lambda=0.000000 | lr=0.00001000
2026-05-14 10:26:22 | INFO | master | Epoch 4 | batch 1400/3402 | train_loss=0.968286 | train_loss_pointwise=0.968286 | train_loss_ranknet=0.000000 | train_loss_lambda=0.000000 | lr=0.00001000
2026-05-14 10:26:27 | INFO | master | Epoch 4 | batch 1500/3402 | train_loss=1.007712 | train_loss_pointwise=1.007712 | train_loss_ranknet=0.000000 | train_loss_lambda=0.000000 | lr=0.00001000
2026-05-14 10:26:31 | INFO | master | Epoch 4 | batch 1600/3402 | train_loss=1.014302 | train_loss_pointwise=1.014302 | train_loss_ranknet=0.000000 | train_loss_lambda=0.000000 | lr=0.00001000
2026-05-14 10:26:35 | INFO | master | Epoch 4 | batch 1700/3402 | train_loss=0.992389 | train_loss_pointwise=0.992389 | train_loss_ranknet=0.000000 | train_loss_lambda=0.000000 | lr=0.00001000
2026-05-14 10:26:40 | INFO | master | Epoch 4 | batch 1800/3402 | train_loss=0.999166 | train_loss_pointwise=0.999166 | train_loss_ranknet=0.000000 | train_loss_lambda=0.000000 | lr=0.00001000
2026-05-14 10:26:44 | INFO | master | Epoch 4 | batch 1900/3402 | train_loss=0.981726 | train_loss_pointwise=0.981726 | train_loss_ranknet=0.000000 | train_loss_lambda=0.000000 | lr=0.00001000
2026-05-14 10:26:48 | INFO | master | Epoch 4 | batch 2000/3402 | train_loss=1.029593 | train_loss_pointwise=1.029593 | train_loss_ranknet=0.000000 | train_loss_lambda=0.000000 | lr=0.00001000
2026-05-14 10:26:53 | INFO | master | Epoch 4 | batch 2100/3402 | train_loss=0.952245 | train_loss_pointwise=0.952245 | train_loss_ranknet=0.000000 | train_loss_lambda=0.000000 | lr=0.00001000
2026-05-14 10:26:58 | INFO | master | Epoch 4 | batch 2200/3402 | train_loss=1.011067 | train_loss_pointwise=1.011067 | train_loss_ranknet=0.000000 | train_loss_lambda=0.000000 | lr=0.00001000
2026-05-14 10:27:02 | INFO | master | Epoch 4 | batch 2300/3402 | train_loss=0.944196 | train_loss_pointwise=0.944196 | train_loss_ranknet=0.000000 | train_loss_lambda=0.000000 | lr=0.00001000
2026-05-14 10:27:08 | INFO | master | Epoch 4 | batch 2400/3402 | train_loss=1.015550 | train_loss_pointwise=1.015550 | train_loss_ranknet=0.000000 | train_loss_lambda=0.000000 | lr=0.00001000
2026-05-14 10:27:12 | INFO | master | Epoch 4 | batch 2500/3402 | train_loss=0.976623 | train_loss_pointwise=0.976623 | train_loss_ranknet=0.000000 | train_loss_lambda=0.000000 | lr=0.00001000
2026-05-14 10:27:17 | INFO | master | Epoch 4 | batch 2600/3402 | train_loss=0.988768 | train_loss_pointwise=0.988768 | train_loss_ranknet=0.000000 | train_loss_lambda=0.000000 | lr=0.00001000
2026-05-14 10:27:22 | INFO | master | Epoch 4 | batch 2700/3402 | train_loss=0.952579 | train_loss_pointwise=0.952579 | train_loss_ranknet=0.000000 | train_loss_lambda=0.000000 | lr=0.00001000
2026-05-14 10:27:26 | INFO | master | Epoch 4 | batch 2800/3402 | train_loss=1.002721 | train_loss_pointwise=1.002721 | train_loss_ranknet=0.000000 | train_loss_lambda=0.000000 | lr=0.00001000
2026-05-14 10:27:31 | INFO | master | Epoch 4 | batch 2900/3402 | train_loss=0.981711 | train_loss_pointwise=0.981711 | train_loss_ranknet=0.000000 | train_loss_lambda=0.000000 | lr=0.00001000
2026-05-14 10:27:35 | INFO | master | Epoch 4 | batch 3000/3402 | train_loss=0.995481 | train_loss_pointwise=0.995481 | train_loss_ranknet=0.000000 | train_loss_lambda=0.000000 | lr=0.00001000
2026-05-14 10:27:40 | INFO | master | Epoch 4 | batch 3100/3402 | train_loss=1.002766 | train_loss_pointwise=1.002766 | train_loss_ranknet=0.000000 | train_loss_lambda=0.000000 | lr=0.00001000
2026-05-14 10:27:44 | INFO | master | Epoch 4 | batch 3200/3402 | train_loss=0.994715 | train_loss_pointwise=0.994715 | train_loss_ranknet=0.000000 | train_loss_lambda=0.000000 | lr=0.00001000
2026-05-14 10:27:49 | INFO | master | Epoch 4 | batch 3300/3402 | train_loss=0.998887 | train_loss_pointwise=0.998887 | train_loss_ranknet=0.000000 | train_loss_lambda=0.000000 | lr=0.00001000
2026-05-14 10:27:53 | INFO | master | Epoch 4 | batch 3400/3402 | train_loss=0.957002 | train_loss_pointwise=0.957002 | train_loss_ranknet=0.000000 | train_loss_lambda=0.000000 | lr=0.00001000
2026-05-14 10:27:53 | INFO | master | Epoch 4 | batch 3402/3402 | train_loss=0.958132 | train_loss_pointwise=0.958132 | train_loss_ranknet=0.000000 | train_loss_lambda=0.000000 | lr=0.00001000
2026-05-14 10:28:05 | INFO | master | Epoch 4 | train_loss=0.984952 | valid_loss=0.991354 | valid_loss_pointwise=0.991354 | valid_loss_ranknet=0.000000 | valid_loss_lambda=0.000000 | monitor=rank_ic=0.078853 | early_stop_bad_epochs=0/10 | R2=0.006280 | IC=0.083182 | ICIR=0.584385 | RIC=0.078853 | RICIR=0.571043 | samples=143608.000000 | total_trading_days=479.000000 | NDCG@30=0.392062 | NDCGIR@30=3.388630 | PORTFOLIO_NDCG_HARD@30=0.398660 | PORTFOLIO_NDCG_HARDIR@30=3.829823 | PORTFOLIO_NDCG_SOFT@30=0.402158 | PORTFOLIO_NDCG_SOFTIR@30=3.940081 | TOPK_OVERLAP@5=0.007098 | TOPK_OVERLAPIR@5=0.191824 | TOPK_OVERLAP@10=0.020459 | TOPK_OVERLAPIR@10=0.415837 | TOPK_OVERLAP@20=0.048643 | TOPK_OVERLAPIR@20=0.824651 | TOPK_OVERLAP@30=0.084760 | TOPK_OVERLAPIR@30=1.239812 | TOPK_OVERLAP@40=0.124896 | TOPK_OVERLAPIR@40=1.667018 | TOPK_OVERLAP@50=0.163716 | TOPK_OVERLAPIR@50=2.107493
2026-05-14 10:28:05 | INFO | master | Monitor rank_ic improved at epoch 4. Best epoch=4, best_monitor_value=0.078853 | best_valid_loss=0.991354 | best_train_loss=0.984952
2026-05-14 10:28:10 | INFO | master | Epoch 5 | batch 100/3402 | train_loss=0.978288 | train_loss_pointwise=0.978288 | train_loss_ranknet=0.000000 | train_loss_lambda=0.000000 | lr=0.00001000
2026-05-14 10:28:14 | INFO | master | Epoch 5 | batch 200/3402 | train_loss=0.997796 | train_loss_pointwise=0.997796 | train_loss_ranknet=0.000000 | train_loss_lambda=0.000000 | lr=0.00001000
2026-05-14 10:28:18 | INFO | master | Epoch 5 | batch 300/3402 | train_loss=0.949534 | train_loss_pointwise=0.949534 | train_loss_ranknet=0.000000 | train_loss_lambda=0.000000 | lr=0.00001000
2026-05-14 10:28:23 | INFO | master | Epoch 5 | batch 400/3402 | train_loss=0.907532 | train_loss_pointwise=0.907532 | train_loss_ranknet=0.000000 | train_loss_lambda=0.000000 | lr=0.00001000
2026-05-14 10:28:28 | INFO | master | Epoch 5 | batch 500/3402 | train_loss=0.987520 | train_loss_pointwise=0.987520 | train_loss_ranknet=0.000000 | train_loss_lambda=0.000000 | lr=0.00001000
2026-05-14 10:28:32 | INFO | master | Epoch 5 | batch 600/3402 | train_loss=0.972544 | train_loss_pointwise=0.972544 | train_loss_ranknet=0.000000 | train_loss_lambda=0.000000 | lr=0.00001000
2026-05-14 10:28:37 | INFO | master | Epoch 5 | batch 700/3402 | train_loss=0.982587 | train_loss_pointwise=0.982587 | train_loss_ranknet=0.000000 | train_loss_lambda=0.000000 | lr=0.00001000
2026-05-14 10:28:41 | INFO | master | Epoch 5 | batch 800/3402 | train_loss=1.038686 | train_loss_pointwise=1.038686 | train_loss_ranknet=0.000000 | train_loss_lambda=0.000000 | lr=0.00001000
2026-05-14 10:28:45 | INFO | master | Epoch 5 | batch 900/3402 | train_loss=0.953928 | train_loss_pointwise=0.953928 | train_loss_ranknet=0.000000 | train_loss_lambda=0.000000 | lr=0.00001000
2026-05-14 10:28:50 | INFO | master | Epoch 5 | batch 1000/3402 | train_loss=0.996686 | train_loss_pointwise=0.996686 | train_loss_ranknet=0.000000 | train_loss_lambda=0.000000 | lr=0.00001000
2026-05-14 10:28:55 | INFO | master | Epoch 5 | batch 1100/3402 | train_loss=0.968386 | train_loss_pointwise=0.968386 | train_loss_ranknet=0.000000 | train_loss_lambda=0.000000 | lr=0.00001000
2026-05-14 10:28:59 | INFO | master | Epoch 5 | batch 1200/3402 | train_loss=0.991467 | train_loss_pointwise=0.991467 | train_loss_ranknet=0.000000 | train_loss_lambda=0.000000 | lr=0.00001000
2026-05-14 10:29:04 | INFO | master | Epoch 5 | batch 1300/3402 | train_loss=0.974930 | train_loss_pointwise=0.974930 | train_loss_ranknet=0.000000 | train_loss_lambda=0.000000 | lr=0.00001000
2026-05-14 10:29:08 | INFO | master | Epoch 5 | batch 1400/3402 | train_loss=1.037160 | train_loss_pointwise=1.037160 | train_loss_ranknet=0.000000 | train_loss_lambda=0.000000 | lr=0.00001000
2026-05-14 10:29:13 | INFO | master | Epoch 5 | batch 1500/3402 | train_loss=0.973702 | train_loss_pointwise=0.973702 | train_loss_ranknet=0.000000 | train_loss_lambda=0.000000 | lr=0.00001000
2026-05-14 10:29:17 | INFO | master | Epoch 5 | batch 1600/3402 | train_loss=0.985468 | train_loss_pointwise=0.985468 | train_loss_ranknet=0.000000 | train_loss_lambda=0.000000 | lr=0.00001000
2026-05-14 10:29:22 | INFO | master | Epoch 5 | batch 1700/3402 | train_loss=0.998312 | train_loss_pointwise=0.998312 | train_loss_ranknet=0.000000 | train_loss_lambda=0.000000 | lr=0.00001000
2026-05-14 10:29:26 | INFO | master | Epoch 5 | batch 1800/3402 | train_loss=0.985975 | train_loss_pointwise=0.985975 | train_loss_ranknet=0.000000 | train_loss_lambda=0.000000 | lr=0.00001000
2026-05-14 10:29:31 | INFO | master | Epoch 5 | batch 1900/3402 | train_loss=1.028706 | train_loss_pointwise=1.028706 | train_loss_ranknet=0.000000 | train_loss_lambda=0.000000 | lr=0.00001000
2026-05-14 10:29:35 | INFO | master | Epoch 5 | batch 2000/3402 | train_loss=1.019543 | train_loss_pointwise=1.019543 | train_loss_ranknet=0.000000 | train_loss_lambda=0.000000 | lr=0.00001000
2026-05-14 10:29:40 | INFO | master | Epoch 5 | batch 2100/3402 | train_loss=0.985781 | train_loss_pointwise=0.985781 | train_loss_ranknet=0.000000 | train_loss_lambda=0.000000 | lr=0.00001000
2026-05-14 10:29:45 | INFO | master | Epoch 5 | batch 2200/3402 | train_loss=1.050132 | train_loss_pointwise=1.050132 | train_loss_ranknet=0.000000 | train_loss_lambda=0.000000 | lr=0.00001000
2026-05-14 10:29:49 | INFO | master | Epoch 5 | batch 2300/3402 | train_loss=0.949980 | train_loss_pointwise=0.949980 | train_loss_ranknet=0.000000 | train_loss_lambda=0.000000 | lr=0.00001000
2026-05-14 10:29:53 | INFO | master | Epoch 5 | batch 2400/3402 | train_loss=1.031377 | train_loss_pointwise=1.031377 | train_loss_ranknet=0.000000 | train_loss_lambda=0.000000 | lr=0.00001000
2026-05-14 10:29:58 | INFO | master | Epoch 5 | batch 2500/3402 | train_loss=0.953903 | train_loss_pointwise=0.953903 | train_loss_ranknet=0.000000 | train_loss_lambda=0.000000 | lr=0.00001000
2026-05-14 10:30:02 | INFO | master | Epoch 5 | batch 2600/3402 | train_loss=1.057710 | train_loss_pointwise=1.057710 | train_loss_ranknet=0.000000 | train_loss_lambda=0.000000 | lr=0.00001000
2026-05-14 10:30:07 | INFO | master | Epoch 5 | batch 2700/3402 | train_loss=0.948237 | train_loss_pointwise=0.948237 | train_loss_ranknet=0.000000 | train_loss_lambda=0.000000 | lr=0.00001000
2026-05-14 10:30:11 | INFO | master | Epoch 5 | batch 2800/3402 | train_loss=1.007215 | train_loss_pointwise=1.007215 | train_loss_ranknet=0.000000 | train_loss_lambda=0.000000 | lr=0.00001000
2026-05-14 10:30:16 | INFO | master | Epoch 5 | batch 2900/3402 | train_loss=0.976504 | train_loss_pointwise=0.976504 | train_loss_ranknet=0.000000 | train_loss_lambda=0.000000 | lr=0.00001000
2026-05-14 10:30:20 | INFO | master | Epoch 5 | batch 3000/3402 | train_loss=0.983641 | train_loss_pointwise=0.983641 | train_loss_ranknet=0.000000 | train_loss_lambda=0.000000 | lr=0.00001000
2026-05-14 10:30:25 | INFO | master | Epoch 5 | batch 3100/3402 | train_loss=0.982757 | train_loss_pointwise=0.982757 | train_loss_ranknet=0.000000 | train_loss_lambda=0.000000 | lr=0.00001000
2026-05-14 10:30:30 | INFO | master | Epoch 5 | batch 3200/3402 | train_loss=0.973531 | train_loss_pointwise=0.973531 | train_loss_ranknet=0.000000 | train_loss_lambda=0.000000 | lr=0.00001000
2026-05-14 10:30:34 | INFO | master | Epoch 5 | batch 3300/3402 | train_loss=0.964328 | train_loss_pointwise=0.964328 | train_loss_ranknet=0.000000 | train_loss_lambda=0.000000 | lr=0.00001000
2026-05-14 10:30:39 | INFO | master | Epoch 5 | batch 3400/3402 | train_loss=0.964062 | train_loss_pointwise=0.964062 | train_loss_ranknet=0.000000 | train_loss_lambda=0.000000 | lr=0.00001000
2026-05-14 10:30:39 | INFO | master | Epoch 5 | batch 3402/3402 | train_loss=1.043482 | train_loss_pointwise=1.043482 | train_loss_ranknet=0.000000 | train_loss_lambda=0.000000 | lr=0.00001000
2026-05-14 10:30:52 | INFO | master | Epoch 5 | train_loss=0.982500 | valid_loss=0.991413 | valid_loss_pointwise=0.991413 | valid_loss_ranknet=0.000000 | valid_loss_lambda=0.000000 | monitor=rank_ic=0.076794 | early_stop_bad_epochs=1/10 | R2=0.006221 | IC=0.080362 | ICIR=0.552999 | RIC=0.076794 | RICIR=0.540344 | samples=143608.000000 | total_trading_days=479.000000 | NDCG@30=0.389351 | NDCGIR@30=3.480591 | PORTFOLIO_NDCG_HARD@30=0.397246 | PORTFOLIO_NDCG_HARDIR@30=3.880352 | PORTFOLIO_NDCG_SOFT@30=0.400804 | PORTFOLIO_NDCG_SOFTIR@30=3.988022 | TOPK_OVERLAP@5=0.007516 | TOPK_OVERLAPIR@5=0.197599 | TOPK_OVERLAP@10=0.021503 | TOPK_OVERLAPIR@10=0.424599 | TOPK_OVERLAP@20=0.052088 | TOPK_OVERLAPIR@20=0.819968 | TOPK_OVERLAP@30=0.087474 | TOPK_OVERLAPIR@30=1.287365 | TOPK_OVERLAP@40=0.126096 | TOPK_OVERLAPIR@40=1.748462 | TOPK_OVERLAP@50=0.165428 | TOPK_OVERLAPIR@50=2.152856
2026-05-14 10:30:56 | INFO | master | Epoch 6 | batch 100/3402 | train_loss=1.000983 | train_loss_pointwise=1.000983 | train_loss_ranknet=0.000000 | train_loss_lambda=0.000000 | lr=0.00001000
2026-05-14 10:31:01 | INFO | master | Epoch 6 | batch 200/3402 | train_loss=0.943206 | train_loss_pointwise=0.943206 | train_loss_ranknet=0.000000 | train_loss_lambda=0.000000 | lr=0.00001000
2026-05-14 10:31:05 | INFO | master | Epoch 6 | batch 300/3402 | train_loss=0.975292 | train_loss_pointwise=0.975292 | train_loss_ranknet=0.000000 | train_loss_lambda=0.000000 | lr=0.00001000
2026-05-14 10:31:10 | INFO | master | Epoch 6 | batch 400/3402 | train_loss=0.916260 | train_loss_pointwise=0.916260 | train_loss_ranknet=0.000000 | train_loss_lambda=0.000000 | lr=0.00001000
2026-05-14 10:31:14 | INFO | master | Epoch 6 | batch 500/3402 | train_loss=0.972579 | train_loss_pointwise=0.972579 | train_loss_ranknet=0.000000 | train_loss_lambda=0.000000 | lr=0.00001000
2026-05-14 10:31:19 | INFO | master | Epoch 6 | batch 600/3402 | train_loss=0.953950 | train_loss_pointwise=0.953950 | train_loss_ranknet=0.000000 | train_loss_lambda=0.000000 | lr=0.00001000
2026-05-14 10:31:23 | INFO | master | Epoch 6 | batch 700/3402 | train_loss=1.003151 | train_loss_pointwise=1.003151 | train_loss_ranknet=0.000000 | train_loss_lambda=0.000000 | lr=0.00001000
2026-05-14 10:31:28 | INFO | master | Epoch 6 | batch 800/3402 | train_loss=0.959951 | train_loss_pointwise=0.959951 | train_loss_ranknet=0.000000 | train_loss_lambda=0.000000 | lr=0.00001000
2026-05-14 10:31:33 | INFO | master | Epoch 6 | batch 900/3402 | train_loss=0.978380 | train_loss_pointwise=0.978380 | train_loss_ranknet=0.000000 | train_loss_lambda=0.000000 | lr=0.00001000
2026-05-14 10:31:38 | INFO | master | Epoch 6 | batch 1000/3402 | train_loss=0.969599 | train_loss_pointwise=0.969599 | train_loss_ranknet=0.000000 | train_loss_lambda=0.000000 | lr=0.00001000
2026-05-14 10:31:43 | INFO | master | Epoch 6 | batch 1100/3402 | train_loss=0.998252 | train_loss_pointwise=0.998252 | train_loss_ranknet=0.000000 | train_loss_lambda=0.000000 | lr=0.00001000
2026-05-14 10:31:48 | INFO | master | Epoch 6 | batch 1200/3402 | train_loss=1.006563 | train_loss_pointwise=1.006563 | train_loss_ranknet=0.000000 | train_loss_lambda=0.000000 | lr=0.00001000
2026-05-14 10:31:52 | INFO | master | Epoch 6 | batch 1300/3402 | train_loss=0.953972 | train_loss_pointwise=0.953972 | train_loss_ranknet=0.000000 | train_loss_lambda=0.000000 | lr=0.00001000
2026-05-14 10:31:56 | INFO | master | Epoch 6 | batch 1400/3402 | train_loss=0.954452 | train_loss_pointwise=0.954452 | train_loss_ranknet=0.000000 | train_loss_lambda=0.000000 | lr=0.00001000
2026-05-14 10:32:01 | INFO | master | Epoch 6 | batch 1500/3402 | train_loss=0.950131 | train_loss_pointwise=0.950131 | train_loss_ranknet=0.000000 | train_loss_lambda=0.000000 | lr=0.00001000
2026-05-14 10:32:05 | INFO | master | Epoch 6 | batch 1600/3402 | train_loss=0.998672 | train_loss_pointwise=0.998672 | train_loss_ranknet=0.000000 | train_loss_lambda=0.000000 | lr=0.00001000
2026-05-14 10:32:10 | INFO | master | Epoch 6 | batch 1700/3402 | train_loss=0.975235 | train_loss_pointwise=0.975235 | train_loss_ranknet=0.000000 | train_loss_lambda=0.000000 | lr=0.00001000
2026-05-14 10:32:14 | INFO | master | Epoch 6 | batch 1800/3402 | train_loss=0.958310 | train_loss_pointwise=0.958310 | train_loss_ranknet=0.000000 | train_loss_lambda=0.000000 | lr=0.00001000
2026-05-14 10:32:19 | INFO | master | Epoch 6 | batch 1900/3402 | train_loss=0.965896 | train_loss_pointwise=0.965896 | train_loss_ranknet=0.000000 | train_loss_lambda=0.000000 | lr=0.00001000
2026-05-14 10:32:24 | INFO | master | Epoch 6 | batch 2000/3402 | train_loss=0.899582 | train_loss_pointwise=0.899582 | train_loss_ranknet=0.000000 | train_loss_lambda=0.000000 | lr=0.00001000
2026-05-14 10:32:29 | INFO | master | Epoch 6 | batch 2100/3402 | train_loss=0.928198 | train_loss_pointwise=0.928198 | train_loss_ranknet=0.000000 | train_loss_lambda=0.000000 | lr=0.00001000
2026-05-14 10:32:33 | INFO | master | Epoch 6 | batch 2200/3402 | train_loss=1.047360 | train_loss_pointwise=1.047360 | train_loss_ranknet=0.000000 | train_loss_lambda=0.000000 | lr=0.00001000
2026-05-14 10:32:38 | INFO | master | Epoch 6 | batch 2300/3402 | train_loss=0.972357 | train_loss_pointwise=0.972357 | train_loss_ranknet=0.000000 | train_loss_lambda=0.000000 | lr=0.00001000
2026-05-14 10:32:43 | INFO | master | Epoch 6 | batch 2400/3402 | train_loss=0.892423 | train_loss_pointwise=0.892423 | train_loss_ranknet=0.000000 | train_loss_lambda=0.000000 | lr=0.00001000
2026-05-14 10:32:49 | INFO | master | Epoch 6 | batch 2500/3402 | train_loss=0.969361 | train_loss_pointwise=0.969361 | train_loss_ranknet=0.000000 | train_loss_lambda=0.000000 | lr=0.00001000
2026-05-14 10:32:55 | INFO | master | Epoch 6 | batch 2600/3402 | train_loss=0.922199 | train_loss_pointwise=0.922199 | train_loss_ranknet=0.000000 | train_loss_lambda=0.000000 | lr=0.00001000
2026-05-14 10:33:01 | INFO | master | Epoch 6 | batch 2700/3402 | train_loss=1.012932 | train_loss_pointwise=1.012932 | train_loss_ranknet=0.000000 | train_loss_lambda=0.000000 | lr=0.00001000
2026-05-14 10:33:07 | INFO | master | Epoch 6 | batch 2800/3402 | train_loss=0.933434 | train_loss_pointwise=0.933434 | train_loss_ranknet=0.000000 | train_loss_lambda=0.000000 | lr=0.00001000
2026-05-14 10:33:12 | INFO | master | Epoch 6 | batch 2900/3402 | train_loss=0.970843 | train_loss_pointwise=0.970843 | train_loss_ranknet=0.000000 | train_loss_lambda=0.000000 | lr=0.00001000
2026-05-14 10:33:18 | INFO | master | Epoch 6 | batch 3000/3402 | train_loss=0.930190 | train_loss_pointwise=0.930190 | train_loss_ranknet=0.000000 | train_loss_lambda=0.000000 | lr=0.00001000
2026-05-14 10:33:24 | INFO | master | Epoch 6 | batch 3100/3402 | train_loss=0.950750 | train_loss_pointwise=0.950750 | train_loss_ranknet=0.000000 | train_loss_lambda=0.000000 | lr=0.00001000
2026-05-14 10:33:30 | INFO | master | Epoch 6 | batch 3200/3402 | train_loss=1.001667 | train_loss_pointwise=1.001667 | train_loss_ranknet=0.000000 | train_loss_lambda=0.000000 | lr=0.00001000
2026-05-14 10:33:36 | INFO | master | Epoch 6 | batch 3300/3402 | train_loss=0.970163 | train_loss_pointwise=0.970163 | train_loss_ranknet=0.000000 | train_loss_lambda=0.000000 | lr=0.00001000
2026-05-14 10:33:42 | INFO | master | Epoch 6 | batch 3400/3402 | train_loss=0.962247 | train_loss_pointwise=0.962247 | train_loss_ranknet=0.000000 | train_loss_lambda=0.000000 | lr=0.00001000
2026-05-14 10:33:42 | INFO | master | Epoch 6 | batch 3402/3402 | train_loss=0.985133 | train_loss_pointwise=0.985133 | train_loss_ranknet=0.000000 | train_loss_lambda=0.000000 | lr=0.00001000
2026-05-14 10:33:57 | INFO | master | Epoch 6 | train_loss=0.980169 | valid_loss=0.991669 | valid_loss_pointwise=0.991669 | valid_loss_ranknet=0.000000 | valid_loss_lambda=0.000000 | monitor=rank_ic=0.077934 | early_stop_bad_epochs=2/10 | R2=0.005964 | IC=0.081093 | ICIR=0.535333 | RIC=0.077934 | RICIR=0.520296 | samples=143608.000000 | total_trading_days=479.000000 | NDCG@30=0.390118 | NDCGIR@30=3.293154 | PORTFOLIO_NDCG_HARD@30=0.398009 | PORTFOLIO_NDCG_HARDIR@30=3.617477 | PORTFOLIO_NDCG_SOFT@30=0.401543 | PORTFOLIO_NDCG_SOFTIR@30=3.716159 | TOPK_OVERLAP@5=0.005846 | TOPK_OVERLAPIR@5=0.162004 | TOPK_OVERLAP@10=0.018372 | TOPK_OVERLAPIR@10=0.419581 | TOPK_OVERLAP@20=0.048121 | TOPK_OVERLAPIR@20=0.824079 | TOPK_OVERLAP@30=0.084551 | TOPK_OVERLAPIR@30=1.256804 | TOPK_OVERLAP@40=0.122547 | TOPK_OVERLAPIR@40=1.624680 | TOPK_OVERLAP@50=0.163006 | TOPK_OVERLAPIR@50=2.025304
2026-05-14 10:34:04 | INFO | master | Epoch 7 | batch 100/3402 | train_loss=0.962217 | train_loss_pointwise=0.962217 | train_loss_ranknet=0.000000 | train_loss_lambda=0.000000 | lr=0.00001000
2026-05-14 10:34:09 | INFO | master | Epoch 7 | batch 200/3402 | train_loss=1.050821 | train_loss_pointwise=1.050821 | train_loss_ranknet=0.000000 | train_loss_lambda=0.000000 | lr=0.00001000
2026-05-14 10:34:14 | INFO | master | Epoch 7 | batch 300/3402 | train_loss=0.984322 | train_loss_pointwise=0.984322 | train_loss_ranknet=0.000000 | train_loss_lambda=0.000000 | lr=0.00001000
2026-05-14 10:34:21 | INFO | master | Epoch 7 | batch 400/3402 | train_loss=1.003778 | train_loss_pointwise=1.003778 | train_loss_ranknet=0.000000 | train_loss_lambda=0.000000 | lr=0.00001000
2026-05-14 10:34:27 | INFO | master | Epoch 7 | batch 500/3402 | train_loss=0.960733 | train_loss_pointwise=0.960733 | train_loss_ranknet=0.000000 | train_loss_lambda=0.000000 | lr=0.00001000
2026-05-14 10:34:33 | INFO | master | Epoch 7 | batch 600/3402 | train_loss=1.006705 | train_loss_pointwise=1.006705 | train_loss_ranknet=0.000000 | train_loss_lambda=0.000000 | lr=0.00001000
2026-05-14 10:34:39 | INFO | master | Epoch 7 | batch 700/3402 | train_loss=1.028221 | train_loss_pointwise=1.028221 | train_loss_ranknet=0.000000 | train_loss_lambda=0.000000 | lr=0.00001000
2026-05-14 10:34:45 | INFO | master | Epoch 7 | batch 800/3402 | train_loss=1.010347 | train_loss_pointwise=1.010347 | train_loss_ranknet=0.000000 | train_loss_lambda=0.000000 | lr=0.00001000
2026-05-14 10:34:51 | INFO | master | Epoch 7 | batch 900/3402 | train_loss=1.044992 | train_loss_pointwise=1.044992 | train_loss_ranknet=0.000000 | train_loss_lambda=0.000000 | lr=0.00001000
2026-05-14 10:34:58 | INFO | master | Epoch 7 | batch 1000/3402 | train_loss=1.034644 | train_loss_pointwise=1.034644 | train_loss_ranknet=0.000000 | train_loss_lambda=0.000000 | lr=0.00001000
2026-05-14 10:35:04 | INFO | master | Epoch 7 | batch 1100/3402 | train_loss=0.978290 | train_loss_pointwise=0.978290 | train_loss_ranknet=0.000000 | train_loss_lambda=0.000000 | lr=0.00001000
2026-05-14 10:35:10 | INFO | master | Epoch 7 | batch 1200/3402 | train_loss=0.997317 | train_loss_pointwise=0.997317 | train_loss_ranknet=0.000000 | train_loss_lambda=0.000000 | lr=0.00001000
2026-05-14 10:35:16 | INFO | master | Epoch 7 | batch 1300/3402 | train_loss=0.977895 | train_loss_pointwise=0.977895 | train_loss_ranknet=0.000000 | train_loss_lambda=0.000000 | lr=0.00001000
2026-05-14 10:35:22 | INFO | master | Epoch 7 | batch 1400/3402 | train_loss=0.965454 | train_loss_pointwise=0.965454 | train_loss_ranknet=0.000000 | train_loss_lambda=0.000000 | lr=0.00001000
2026-05-14 10:35:28 | INFO | master | Epoch 7 | batch 1500/3402 | train_loss=0.961036 | train_loss_pointwise=0.961036 | train_loss_ranknet=0.000000 | train_loss_lambda=0.000000 | lr=0.00001000
2026-05-14 10:35:34 | INFO | master | Epoch 7 | batch 1600/3402 | train_loss=0.979532 | train_loss_pointwise=0.979532 | train_loss_ranknet=0.000000 | train_loss_lambda=0.000000 | lr=0.00001000
2026-05-14 10:35:40 | INFO | master | Epoch 7 | batch 1700/3402 | train_loss=0.927207 | train_loss_pointwise=0.927207 | train_loss_ranknet=0.000000 | train_loss_lambda=0.000000 | lr=0.00001000
2026-05-14 10:35:46 | INFO | master | Epoch 7 | batch 1800/3402 | train_loss=0.923697 | train_loss_pointwise=0.923697 | train_loss_ranknet=0.000000 | train_loss_lambda=0.000000 | lr=0.00001000
2026-05-14 10:35:52 | INFO | master | Epoch 7 | batch 1900/3402 | train_loss=0.981624 | train_loss_pointwise=0.981624 | train_loss_ranknet=0.000000 | train_loss_lambda=0.000000 | lr=0.00001000
2026-05-14 10:35:58 | INFO | master | Epoch 7 | batch 2000/3402 | train_loss=0.932407 | train_loss_pointwise=0.932407 | train_loss_ranknet=0.000000 | train_loss_lambda=0.000000 | lr=0.00001000
2026-05-14 10:36:04 | INFO | master | Epoch 7 | batch 2100/3402 | train_loss=0.966835 | train_loss_pointwise=0.966835 | train_loss_ranknet=0.000000 | train_loss_lambda=0.000000 | lr=0.00001000
2026-05-14 10:36:10 | INFO | master | Epoch 7 | batch 2200/3402 | train_loss=0.967961 | train_loss_pointwise=0.967961 | train_loss_ranknet=0.000000 | train_loss_lambda=0.000000 | lr=0.00001000
2026-05-14 10:36:16 | INFO | master | Epoch 7 | batch 2300/3402 | train_loss=0.996423 | train_loss_pointwise=0.996423 | train_loss_ranknet=0.000000 | train_loss_lambda=0.000000 | lr=0.00001000
2026-05-14 10:36:22 | INFO | master | Epoch 7 | batch 2400/3402 | train_loss=0.866869 | train_loss_pointwise=0.866869 | train_loss_ranknet=0.000000 | train_loss_lambda=0.000000 | lr=0.00001000
2026-05-14 10:36:29 | INFO | master | Epoch 7 | batch 2500/3402 | train_loss=1.030892 | train_loss_pointwise=1.030892 | train_loss_ranknet=0.000000 | train_loss_lambda=0.000000 | lr=0.00001000
2026-05-14 10:36:35 | INFO | master | Epoch 7 | batch 2600/3402 | train_loss=0.928887 | train_loss_pointwise=0.928887 | train_loss_ranknet=0.000000 | train_loss_lambda=0.000000 | lr=0.00001000
2026-05-14 10:36:41 | INFO | master | Epoch 7 | batch 2700/3402 | train_loss=0.958180 | train_loss_pointwise=0.958180 | train_loss_ranknet=0.000000 | train_loss_lambda=0.000000 | lr=0.00001000
2026-05-14 10:36:47 | INFO | master | Epoch 7 | batch 2800/3402 | train_loss=1.014688 | train_loss_pointwise=1.014688 | train_loss_ranknet=0.000000 | train_loss_lambda=0.000000 | lr=0.00001000
2026-05-14 10:36:53 | INFO | master | Epoch 7 | batch 2900/3402 | train_loss=0.900401 | train_loss_pointwise=0.900401 | train_loss_ranknet=0.000000 | train_loss_lambda=0.000000 | lr=0.00001000
2026-05-14 10:36:59 | INFO | master | Epoch 7 | batch 3000/3402 | train_loss=0.960776 | train_loss_pointwise=0.960776 | train_loss_ranknet=0.000000 | train_loss_lambda=0.000000 | lr=0.00001000
2026-05-14 10:37:05 | INFO | master | Epoch 7 | batch 3100/3402 | train_loss=1.012735 | train_loss_pointwise=1.012735 | train_loss_ranknet=0.000000 | train_loss_lambda=0.000000 | lr=0.00001000
2026-05-14 10:37:11 | INFO | master | Epoch 7 | batch 3200/3402 | train_loss=0.987287 | train_loss_pointwise=0.987287 | train_loss_ranknet=0.000000 | train_loss_lambda=0.000000 | lr=0.00001000
2026-05-14 10:37:17 | INFO | master | Epoch 7 | batch 3300/3402 | train_loss=1.033644 | train_loss_pointwise=1.033644 | train_loss_ranknet=0.000000 | train_loss_lambda=0.000000 | lr=0.00001000
2026-05-14 10:37:23 | INFO | master | Epoch 7 | batch 3400/3402 | train_loss=0.971506 | train_loss_pointwise=0.971506 | train_loss_ranknet=0.000000 | train_loss_lambda=0.000000 | lr=0.00001000
2026-05-14 10:37:24 | INFO | master | Epoch 7 | batch 3402/3402 | train_loss=1.003368 | train_loss_pointwise=1.003368 | train_loss_ranknet=0.000000 | train_loss_lambda=0.000000 | lr=0.00001000
2026-05-14 10:37:40 | INFO | master | Epoch 7 | train_loss=0.977935 | valid_loss=0.992507 | valid_loss_pointwise=0.992507 | valid_loss_ranknet=0.000000 | valid_loss_lambda=0.000000 | monitor=rank_ic=0.075598 | early_stop_bad_epochs=3/10 | R2=0.005123 | IC=0.077508 | ICIR=0.498396 | RIC=0.075598 | RICIR=0.492204 | samples=143608.000000 | total_trading_days=479.000000 | NDCG@30=0.388356 | NDCGIR@30=3.379187 | PORTFOLIO_NDCG_HARD@30=0.398034 | PORTFOLIO_NDCG_HARDIR@30=3.713886 | PORTFOLIO_NDCG_SOFT@30=0.401526 | PORTFOLIO_NDCG_SOFTIR@30=3.810724 | TOPK_OVERLAP@5=0.015031 | TOPK_OVERLAPIR@5=0.276874 | TOPK_OVERLAP@10=0.031733 | TOPK_OVERLAPIR@10=0.509557 | TOPK_OVERLAP@20=0.060021 | TOPK_OVERLAPIR@20=0.889309 | TOPK_OVERLAP@30=0.095407 | TOPK_OVERLAPIR@30=1.324481 | TOPK_OVERLAP@40=0.132463 | TOPK_OVERLAPIR@40=1.761424 | TOPK_OVERLAP@50=0.170397 | TOPK_OVERLAPIR@50=2.137002
2026-05-14 10:37:47 | INFO | master | Epoch 8 | batch 100/3402 | train_loss=0.962258 | train_loss_pointwise=0.962258 | train_loss_ranknet=0.000000 | train_loss_lambda=0.000000 | lr=0.00001000
2026-05-14 10:37:53 | INFO | master | Epoch 8 | batch 200/3402 | train_loss=1.064269 | train_loss_pointwise=1.064269 | train_loss_ranknet=0.000000 | train_loss_lambda=0.000000 | lr=0.00001000
2026-05-14 10:37:59 | INFO | master | Epoch 8 | batch 300/3402 | train_loss=1.015346 | train_loss_pointwise=1.015346 | train_loss_ranknet=0.000000 | train_loss_lambda=0.000000 | lr=0.00001000
2026-05-14 10:38:04 | INFO | master | Epoch 8 | batch 400/3402 | train_loss=1.021977 | train_loss_pointwise=1.021977 | train_loss_ranknet=0.000000 | train_loss_lambda=0.000000 | lr=0.00001000
2026-05-14 10:38:10 | INFO | master | Epoch 8 | batch 500/3402 | train_loss=0.969586 | train_loss_pointwise=0.969586 | train_loss_ranknet=0.000000 | train_loss_lambda=0.000000 | lr=0.00001000
2026-05-14 10:38:16 | INFO | master | Epoch 8 | batch 600/3402 | train_loss=0.975885 | train_loss_pointwise=0.975885 | train_loss_ranknet=0.000000 | train_loss_lambda=0.000000 | lr=0.00001000
2026-05-14 10:38:22 | INFO | master | Epoch 8 | batch 700/3402 | train_loss=0.950512 | train_loss_pointwise=0.950512 | train_loss_ranknet=0.000000 | train_loss_lambda=0.000000 | lr=0.00001000
2026-05-14 10:38:28 | INFO | master | Epoch 8 | batch 800/3402 | train_loss=0.967341 | train_loss_pointwise=0.967341 | train_loss_ranknet=0.000000 | train_loss_lambda=0.000000 | lr=0.00001000
2026-05-14 10:38:34 | INFO | master | Epoch 8 | batch 900/3402 | train_loss=1.030020 | train_loss_pointwise=1.030020 | train_loss_ranknet=0.000000 | train_loss_lambda=0.000000 | lr=0.00001000
2026-05-14 10:38:40 | INFO | master | Epoch 8 | batch 1000/3402 | train_loss=0.989176 | train_loss_pointwise=0.989176 | train_loss_ranknet=0.000000 | train_loss_lambda=0.000000 | lr=0.00001000
2026-05-14 10:38:46 | INFO | master | Epoch 8 | batch 1100/3402 | train_loss=1.007336 | train_loss_pointwise=1.007336 | train_loss_ranknet=0.000000 | train_loss_lambda=0.000000 | lr=0.00001000
2026-05-14 10:38:52 | INFO | master | Epoch 8 | batch 1200/3402 | train_loss=1.046301 | train_loss_pointwise=1.046301 | train_loss_ranknet=0.000000 | train_loss_lambda=0.000000 | lr=0.00001000
2026-05-14 10:38:57 | INFO | master | Epoch 8 | batch 1300/3402 | train_loss=0.946154 | train_loss_pointwise=0.946154 | train_loss_ranknet=0.000000 | train_loss_lambda=0.000000 | lr=0.00001000
2026-05-14 10:39:04 | INFO | master | Epoch 8 | batch 1400/3402 | train_loss=0.957304 | train_loss_pointwise=0.957304 | train_loss_ranknet=0.000000 | train_loss_lambda=0.000000 | lr=0.00001000
2026-05-14 10:39:09 | INFO | master | Epoch 8 | batch 1500/3402 | train_loss=0.995452 | train_loss_pointwise=0.995452 | train_loss_ranknet=0.000000 | train_loss_lambda=0.000000 | lr=0.00001000
2026-05-14 10:39:15 | INFO | master | Epoch 8 | batch 1600/3402 | train_loss=0.996786 | train_loss_pointwise=0.996786 | train_loss_ranknet=0.000000 | train_loss_lambda=0.000000 | lr=0.00001000
2026-05-14 10:39:21 | INFO | master | Epoch 8 | batch 1700/3402 | train_loss=1.016449 | train_loss_pointwise=1.016449 | train_loss_ranknet=0.000000 | train_loss_lambda=0.000000 | lr=0.00001000
2026-05-14 10:39:27 | INFO | master | Epoch 8 | batch 1800/3402 | train_loss=1.011089 | train_loss_pointwise=1.011089 | train_loss_ranknet=0.000000 | train_loss_lambda=0.000000 | lr=0.00001000
2026-05-14 10:39:33 | INFO | master | Epoch 8 | batch 1900/3402 | train_loss=0.991025 | train_loss_pointwise=0.991025 | train_loss_ranknet=0.000000 | train_loss_lambda=0.000000 | lr=0.00001000
2026-05-14 10:39:39 | INFO | master | Epoch 8 | batch 2000/3402 | train_loss=0.964816 | train_loss_pointwise=0.964816 | train_loss_ranknet=0.000000 | train_loss_lambda=0.000000 | lr=0.00001000
2026-05-14 10:39:46 | INFO | master | Epoch 8 | batch 2100/3402 | train_loss=1.010144 | train_loss_pointwise=1.010144 | train_loss_ranknet=0.000000 | train_loss_lambda=0.000000 | lr=0.00001000
2026-05-14 10:39:52 | INFO | master | Epoch 8 | batch 2200/3402 | train_loss=0.990152 | train_loss_pointwise=0.990152 | train_loss_ranknet=0.000000 | train_loss_lambda=0.000000 | lr=0.00001000
2026-05-14 10:39:58 | INFO | master | Epoch 8 | batch 2300/3402 | train_loss=0.992320 | train_loss_pointwise=0.992320 | train_loss_ranknet=0.000000 | train_loss_lambda=0.000000 | lr=0.00001000
2026-05-14 10:40:04 | INFO | master | Epoch 8 | batch 2400/3402 | train_loss=0.817690 | train_loss_pointwise=0.817690 | train_loss_ranknet=0.000000 | train_loss_lambda=0.000000 | lr=0.00001000
2026-05-14 10:40:10 | INFO | master | Epoch 8 | batch 2500/3402 | train_loss=0.998187 | train_loss_pointwise=0.998187 | train_loss_ranknet=0.000000 | train_loss_lambda=0.000000 | lr=0.00001000
2026-05-14 10:40:16 | INFO | master | Epoch 8 | batch 2600/3402 | train_loss=0.996916 | train_loss_pointwise=0.996916 | train_loss_ranknet=0.000000 | train_loss_lambda=0.000000 | lr=0.00001000
2026-05-14 10:40:22 | INFO | master | Epoch 8 | batch 2700/3402 | train_loss=0.988041 | train_loss_pointwise=0.988041 | train_loss_ranknet=0.000000 | train_loss_lambda=0.000000 | lr=0.00001000
2026-05-14 10:40:28 | INFO | master | Epoch 8 | batch 2800/3402 | train_loss=0.971623 | train_loss_pointwise=0.971623 | train_loss_ranknet=0.000000 | train_loss_lambda=0.000000 | lr=0.00001000
2026-05-14 10:40:34 | INFO | master | Epoch 8 | batch 2900/3402 | train_loss=0.927813 | train_loss_pointwise=0.927813 | train_loss_ranknet=0.000000 | train_loss_lambda=0.000000 | lr=0.00001000
2026-05-14 10:40:41 | INFO | master | Epoch 8 | batch 3000/3402 | train_loss=0.960493 | train_loss_pointwise=0.960493 | train_loss_ranknet=0.000000 | train_loss_lambda=0.000000 | lr=0.00001000
2026-05-14 10:40:47 | INFO | master | Epoch 8 | batch 3100/3402 | train_loss=0.956076 | train_loss_pointwise=0.956076 | train_loss_ranknet=0.000000 | train_loss_lambda=0.000000 | lr=0.00001000
2026-05-14 10:40:53 | INFO | master | Epoch 8 | batch 3200/3402 | train_loss=0.949210 | train_loss_pointwise=0.949210 | train_loss_ranknet=0.000000 | train_loss_lambda=0.000000 | lr=0.00001000
2026-05-14 10:40:59 | INFO | master | Epoch 8 | batch 3300/3402 | train_loss=1.002667 | train_loss_pointwise=1.002667 | train_loss_ranknet=0.000000 | train_loss_lambda=0.000000 | lr=0.00001000
2026-05-14 10:41:04 | INFO | master | Epoch 8 | batch 3400/3402 | train_loss=0.929380 | train_loss_pointwise=0.929380 | train_loss_ranknet=0.000000 | train_loss_lambda=0.000000 | lr=0.00001000
2026-05-14 10:41:05 | INFO | master | Epoch 8 | batch 3402/3402 | train_loss=0.997311 | train_loss_pointwise=0.997311 | train_loss_ranknet=0.000000 | train_loss_lambda=0.000000 | lr=0.00001000
2026-05-14 10:41:21 | INFO | master | Epoch 8 | train_loss=0.976017 | valid_loss=0.992157 | valid_loss_pointwise=0.992157 | valid_loss_ranknet=0.000000 | valid_loss_lambda=0.000000 | monitor=rank_ic=0.076338 | early_stop_bad_epochs=4/10 | R2=0.005475 | IC=0.078086 | ICIR=0.526844 | RIC=0.076338 | RICIR=0.519636 | samples=143608.000000 | total_trading_days=479.000000 | NDCG@30=0.389034 | NDCGIR@30=3.558156 | PORTFOLIO_NDCG_HARD@30=0.399201 | PORTFOLIO_NDCG_HARDIR@30=3.884780 | PORTFOLIO_NDCG_SOFT@30=0.402740 | PORTFOLIO_NDCG_SOFTIR@30=3.988378 | TOPK_OVERLAP@5=0.009186 | TOPK_OVERLAPIR@5=0.219408 | TOPK_OVERLAP@10=0.023173 | TOPK_OVERLAPIR@10=0.456786 | TOPK_OVERLAP@20=0.058038 | TOPK_OVERLAPIR@20=0.870019 | TOPK_OVERLAP@30=0.094850 | TOPK_OVERLAPIR@30=1.320993 | TOPK_OVERLAP@40=0.131367 | TOPK_OVERLAPIR@40=1.740712 | TOPK_OVERLAP@50=0.169770 | TOPK_OVERLAPIR@50=2.173250
2026-05-14 10:41:27 | INFO | master | Epoch 9 | batch 100/3402 | train_loss=0.919358 | train_loss_pointwise=0.919358 | train_loss_ranknet=0.000000 | train_loss_lambda=0.000000 | lr=0.00001000
2026-05-14 10:41:34 | INFO | master | Epoch 9 | batch 200/3402 | train_loss=0.940020 | train_loss_pointwise=0.940020 | train_loss_ranknet=0.000000 | train_loss_lambda=0.000000 | lr=0.00001000
2026-05-14 10:41:39 | INFO | master | Epoch 9 | batch 300/3402 | train_loss=0.826709 | train_loss_pointwise=0.826709 | train_loss_ranknet=0.000000 | train_loss_lambda=0.000000 | lr=0.00001000
2026-05-14 10:41:45 | INFO | master | Epoch 9 | batch 400/3402 | train_loss=1.043192 | train_loss_pointwise=1.043192 | train_loss_ranknet=0.000000 | train_loss_lambda=0.000000 | lr=0.00001000
2026-05-14 10:41:51 | INFO | master | Epoch 9 | batch 500/3402 | train_loss=1.002183 | train_loss_pointwise=1.002183 | train_loss_ranknet=0.000000 | train_loss_lambda=0.000000 | lr=0.00001000
2026-05-14 10:41:57 | INFO | master | Epoch 9 | batch 600/3402 | train_loss=1.037548 | train_loss_pointwise=1.037548 | train_loss_ranknet=0.000000 | train_loss_lambda=0.000000 | lr=0.00001000
2026-05-14 10:42:03 | INFO | master | Epoch 9 | batch 700/3402 | train_loss=0.988030 | train_loss_pointwise=0.988030 | train_loss_ranknet=0.000000 | train_loss_lambda=0.000000 | lr=0.00001000
2026-05-14 10:42:10 | INFO | master | Epoch 9 | batch 800/3402 | train_loss=1.037082 | train_loss_pointwise=1.037082 | train_loss_ranknet=0.000000 | train_loss_lambda=0.000000 | lr=0.00001000
2026-05-14 10:42:16 | INFO | master | Epoch 9 | batch 900/3402 | train_loss=0.880657 | train_loss_pointwise=0.880657 | train_loss_ranknet=0.000000 | train_loss_lambda=0.000000 | lr=0.00001000
2026-05-14 10:42:22 | INFO | master | Epoch 9 | batch 1000/3402 | train_loss=1.071836 | train_loss_pointwise=1.071836 | train_loss_ranknet=0.000000 | train_loss_lambda=0.000000 | lr=0.00001000
2026-05-14 10:42:28 | INFO | master | Epoch 9 | batch 1100/3402 | train_loss=0.999071 | train_loss_pointwise=0.999071 | train_loss_ranknet=0.000000 | train_loss_lambda=0.000000 | lr=0.00001000
2026-05-14 10:42:34 | INFO | master | Epoch 9 | batch 1200/3402 | train_loss=0.912124 | train_loss_pointwise=0.912124 | train_loss_ranknet=0.000000 | train_loss_lambda=0.000000 | lr=0.00001000
2026-05-14 10:42:41 | INFO | master | Epoch 9 | batch 1300/3402 | train_loss=0.982995 | train_loss_pointwise=0.982995 | train_loss_ranknet=0.000000 | train_loss_lambda=0.000000 | lr=0.00001000
2026-05-14 10:42:47 | INFO | master | Epoch 9 | batch 1400/3402 | train_loss=0.963678 | train_loss_pointwise=0.963678 | train_loss_ranknet=0.000000 | train_loss_lambda=0.000000 | lr=0.00001000
2026-05-14 10:42:53 | INFO | master | Epoch 9 | batch 1500/3402 | train_loss=0.974648 | train_loss_pointwise=0.974648 | train_loss_ranknet=0.000000 | train_loss_lambda=0.000000 | lr=0.00001000
2026-05-14 10:42:58 | INFO | master | Epoch 9 | batch 1600/3402 | train_loss=0.979310 | train_loss_pointwise=0.979310 | train_loss_ranknet=0.000000 | train_loss_lambda=0.000000 | lr=0.00001000
2026-05-14 10:43:04 | INFO | master | Epoch 9 | batch 1700/3402 | train_loss=1.001839 | train_loss_pointwise=1.001839 | train_loss_ranknet=0.000000 | train_loss_lambda=0.000000 | lr=0.00001000
2026-05-14 10:43:10 | INFO | master | Epoch 9 | batch 1800/3402 | train_loss=0.961353 | train_loss_pointwise=0.961353 | train_loss_ranknet=0.000000 | train_loss_lambda=0.000000 | lr=0.00001000
2026-05-14 10:43:16 | INFO | master | Epoch 9 | batch 1900/3402 | train_loss=0.985784 | train_loss_pointwise=0.985784 | train_loss_ranknet=0.000000 | train_loss_lambda=0.000000 | lr=0.00001000
2026-05-14 10:43:21 | INFO | master | Epoch 9 | batch 2000/3402 | train_loss=0.996554 | train_loss_pointwise=0.996554 | train_loss_ranknet=0.000000 | train_loss_lambda=0.000000 | lr=0.00001000
2026-05-14 10:43:27 | INFO | master | Epoch 9 | batch 2100/3402 | train_loss=0.873608 | train_loss_pointwise=0.873608 | train_loss_ranknet=0.000000 | train_loss_lambda=0.000000 | lr=0.00001000
2026-05-14 10:43:34 | INFO | master | Epoch 9 | batch 2200/3402 | train_loss=0.999436 | train_loss_pointwise=0.999436 | train_loss_ranknet=0.000000 | train_loss_lambda=0.000000 | lr=0.00001000
2026-05-14 10:43:39 | INFO | master | Epoch 9 | batch 2300/3402 | train_loss=0.954542 | train_loss_pointwise=0.954542 | train_loss_ranknet=0.000000 | train_loss_lambda=0.000000 | lr=0.00001000
2026-05-14 10:43:45 | INFO | master | Epoch 9 | batch 2400/3402 | train_loss=0.947182 | train_loss_pointwise=0.947182 | train_loss_ranknet=0.000000 | train_loss_lambda=0.000000 | lr=0.00001000
2026-05-14 10:43:51 | INFO | master | Epoch 9 | batch 2500/3402 | train_loss=1.009161 | train_loss_pointwise=1.009161 | train_loss_ranknet=0.000000 | train_loss_lambda=0.000000 | lr=0.00001000
2026-05-14 10:43:57 | INFO | master | Epoch 9 | batch 2600/3402 | train_loss=0.914021 | train_loss_pointwise=0.914021 | train_loss_ranknet=0.000000 | train_loss_lambda=0.000000 | lr=0.00001000
2026-05-14 10:44:02 | INFO | master | Epoch 9 | batch 2700/3402 | train_loss=0.969940 | train_loss_pointwise=0.969940 | train_loss_ranknet=0.000000 | train_loss_lambda=0.000000 | lr=0.00001000
2026-05-14 10:44:08 | INFO | master | Epoch 9 | batch 2800/3402 | train_loss=0.995398 | train_loss_pointwise=0.995398 | train_loss_ranknet=0.000000 | train_loss_lambda=0.000000 | lr=0.00001000
2026-05-14 10:44:14 | INFO | master | Epoch 9 | batch 2900/3402 | train_loss=0.928979 | train_loss_pointwise=0.928979 | train_loss_ranknet=0.000000 | train_loss_lambda=0.000000 | lr=0.00001000
2026-05-14 10:44:21 | INFO | master | Epoch 9 | batch 3000/3402 | train_loss=0.970425 | train_loss_pointwise=0.970425 | train_loss_ranknet=0.000000 | train_loss_lambda=0.000000 | lr=0.00001000
2026-05-14 10:44:27 | INFO | master | Epoch 9 | batch 3100/3402 | train_loss=1.090084 | train_loss_pointwise=1.090084 | train_loss_ranknet=0.000000 | train_loss_lambda=0.000000 | lr=0.00001000
2026-05-14 10:44:34 | INFO | master | Epoch 9 | batch 3200/3402 | train_loss=0.993255 | train_loss_pointwise=0.993255 | train_loss_ranknet=0.000000 | train_loss_lambda=0.000000 | lr=0.00001000
2026-05-14 10:44:40 | INFO | master | Epoch 9 | batch 3300/3402 | train_loss=1.029167 | train_loss_pointwise=1.029167 | train_loss_ranknet=0.000000 | train_loss_lambda=0.000000 | lr=0.00001000
2026-05-14 10:44:46 | INFO | master | Epoch 9 | batch 3400/3402 | train_loss=0.959566 | train_loss_pointwise=0.959566 | train_loss_ranknet=0.000000 | train_loss_lambda=0.000000 | lr=0.00001000
2026-05-14 10:44:46 | INFO | master | Epoch 9 | batch 3402/3402 | train_loss=0.928504 | train_loss_pointwise=0.928504 | train_loss_ranknet=0.000000 | train_loss_lambda=0.000000 | lr=0.00001000
2026-05-14 10:45:02 | INFO | master | Epoch 9 | train_loss=0.973873 | valid_loss=0.993076 | valid_loss_pointwise=0.993076 | valid_loss_ranknet=0.000000 | valid_loss_lambda=0.000000 | monitor=rank_ic=0.076562 | early_stop_bad_epochs=5/10 | R2=0.004553 | IC=0.078989 | ICIR=0.524793 | RIC=0.076562 | RICIR=0.514380 | samples=143608.000000 | total_trading_days=479.000000 | NDCG@30=0.392261 | NDCGIR@30=3.506199 | PORTFOLIO_NDCG_HARD@30=0.401075 | PORTFOLIO_NDCG_HARDIR@30=3.878608 | PORTFOLIO_NDCG_SOFT@30=0.404480 | PORTFOLIO_NDCG_SOFTIR@30=3.975636 | TOPK_OVERLAP@5=0.010021 | TOPK_OVERLAPIR@5=0.220211 | TOPK_OVERLAP@10=0.026096 | TOPK_OVERLAPIR@10=0.482047 | TOPK_OVERLAP@20=0.055741 | TOPK_OVERLAPIR@20=0.876619 | TOPK_OVERLAP@30=0.092206 | TOPK_OVERLAPIR@30=1.304500 | TOPK_OVERLAP@40=0.128914 | TOPK_OVERLAPIR@40=1.724416 | TOPK_OVERLAP@50=0.166263 | TOPK_OVERLAPIR@50=2.105803
2026-05-14 10:45:09 | INFO | master | Epoch 10 | batch 100/3402 | train_loss=0.933215 | train_loss_pointwise=0.933215 | train_loss_ranknet=0.000000 | train_loss_lambda=0.000000 | lr=0.00001000
2026-05-14 10:45:15 | INFO | master | Epoch 10 | batch 200/3402 | train_loss=0.968535 | train_loss_pointwise=0.968535 | train_loss_ranknet=0.000000 | train_loss_lambda=0.000000 | lr=0.00001000
2026-05-14 10:45:21 | INFO | master | Epoch 10 | batch 300/3402 | train_loss=0.961835 | train_loss_pointwise=0.961835 | train_loss_ranknet=0.000000 | train_loss_lambda=0.000000 | lr=0.00001000
2026-05-14 10:45:27 | INFO | master | Epoch 10 | batch 400/3402 | train_loss=0.985573 | train_loss_pointwise=0.985573 | train_loss_ranknet=0.000000 | train_loss_lambda=0.000000 | lr=0.00001000
2026-05-14 10:45:33 | INFO | master | Epoch 10 | batch 500/3402 | train_loss=0.875313 | train_loss_pointwise=0.875313 | train_loss_ranknet=0.000000 | train_loss_lambda=0.000000 | lr=0.00001000
2026-05-14 10:45:39 | INFO | master | Epoch 10 | batch 600/3402 | train_loss=1.018620 | train_loss_pointwise=1.018620 | train_loss_ranknet=0.000000 | train_loss_lambda=0.000000 | lr=0.00001000
2026-05-14 10:45:44 | INFO | master | Epoch 10 | batch 700/3402 | train_loss=0.952454 | train_loss_pointwise=0.952454 | train_loss_ranknet=0.000000 | train_loss_lambda=0.000000 | lr=0.00001000
2026-05-14 10:45:49 | INFO | master | Epoch 10 | batch 800/3402 | train_loss=0.940684 | train_loss_pointwise=0.940684 | train_loss_ranknet=0.000000 | train_loss_lambda=0.000000 | lr=0.00001000
2026-05-14 10:45:55 | INFO | master | Epoch 10 | batch 900/3402 | train_loss=0.967841 | train_loss_pointwise=0.967841 | train_loss_ranknet=0.000000 | train_loss_lambda=0.000000 | lr=0.00001000
2026-05-14 10:46:02 | INFO | master | Epoch 10 | batch 1000/3402 | train_loss=0.990743 | train_loss_pointwise=0.990743 | train_loss_ranknet=0.000000 | train_loss_lambda=0.000000 | lr=0.00001000
2026-05-14 10:46:08 | INFO | master | Epoch 10 | batch 1100/3402 | train_loss=0.926738 | train_loss_pointwise=0.926738 | train_loss_ranknet=0.000000 | train_loss_lambda=0.000000 | lr=0.00001000
2026-05-14 10:46:14 | INFO | master | Epoch 10 | batch 1200/3402 | train_loss=0.990866 | train_loss_pointwise=0.990866 | train_loss_ranknet=0.000000 | train_loss_lambda=0.000000 | lr=0.00001000
2026-05-14 10:46:19 | INFO | master | Epoch 10 | batch 1300/3402 | train_loss=0.962747 | train_loss_pointwise=0.962747 | train_loss_ranknet=0.000000 | train_loss_lambda=0.000000 | lr=0.00001000
2026-05-14 10:46:25 | INFO | master | Epoch 10 | batch 1400/3402 | train_loss=1.000040 | train_loss_pointwise=1.000040 | train_loss_ranknet=0.000000 | train_loss_lambda=0.000000 | lr=0.00001000
2026-05-14 10:46:31 | INFO | master | Epoch 10 | batch 1500/3402 | train_loss=0.980059 | train_loss_pointwise=0.980059 | train_loss_ranknet=0.000000 | train_loss_lambda=0.000000 | lr=0.00001000
2026-05-14 10:46:37 | INFO | master | Epoch 10 | batch 1600/3402 | train_loss=0.989206 | train_loss_pointwise=0.989206 | train_loss_ranknet=0.000000 | train_loss_lambda=0.000000 | lr=0.00001000
2026-05-14 10:46:43 | INFO | master | Epoch 10 | batch 1700/3402 | train_loss=0.951172 | train_loss_pointwise=0.951172 | train_loss_ranknet=0.000000 | train_loss_lambda=0.000000 | lr=0.00001000
2026-05-14 10:46:49 | INFO | master | Epoch 10 | batch 1800/3402 | train_loss=1.000311 | train_loss_pointwise=1.000311 | train_loss_ranknet=0.000000 | train_loss_lambda=0.000000 | lr=0.00001000
2026-05-14 10:46:56 | INFO | master | Epoch 10 | batch 1900/3402 | train_loss=0.990688 | train_loss_pointwise=0.990688 | train_loss_ranknet=0.000000 | train_loss_lambda=0.000000 | lr=0.00001000
2026-05-14 10:47:02 | INFO | master | Epoch 10 | batch 2000/3402 | train_loss=0.995361 | train_loss_pointwise=0.995361 | train_loss_ranknet=0.000000 | train_loss_lambda=0.000000 | lr=0.00001000
2026-05-14 10:47:08 | INFO | master | Epoch 10 | batch 2100/3402 | train_loss=0.946905 | train_loss_pointwise=0.946905 | train_loss_ranknet=0.000000 | train_loss_lambda=0.000000 | lr=0.00001000
2026-05-14 10:47:14 | INFO | master | Epoch 10 | batch 2200/3402 | train_loss=0.912460 | train_loss_pointwise=0.912460 | train_loss_ranknet=0.000000 | train_loss_lambda=0.000000 | lr=0.00001000
2026-05-14 10:47:20 | INFO | master | Epoch 10 | batch 2300/3402 | train_loss=0.960036 | train_loss_pointwise=0.960036 | train_loss_ranknet=0.000000 | train_loss_lambda=0.000000 | lr=0.00001000
2026-05-14 10:47:26 | INFO | master | Epoch 10 | batch 2400/3402 | train_loss=0.992272 | train_loss_pointwise=0.992272 | train_loss_ranknet=0.000000 | train_loss_lambda=0.000000 | lr=0.00001000
2026-05-14 10:47:32 | INFO | master | Epoch 10 | batch 2500/3402 | train_loss=1.030881 | train_loss_pointwise=1.030881 | train_loss_ranknet=0.000000 | train_loss_lambda=0.000000 | lr=0.00001000
2026-05-14 10:47:37 | INFO | master | Epoch 10 | batch 2600/3402 | train_loss=0.995334 | train_loss_pointwise=0.995334 | train_loss_ranknet=0.000000 | train_loss_lambda=0.000000 | lr=0.00001000
2026-05-14 10:47:43 | INFO | master | Epoch 10 | batch 2700/3402 | train_loss=0.942485 | train_loss_pointwise=0.942485 | train_loss_ranknet=0.000000 | train_loss_lambda=0.000000 | lr=0.00001000
2026-05-14 10:47:49 | INFO | master | Epoch 10 | batch 2800/3402 | train_loss=0.939504 | train_loss_pointwise=0.939504 | train_loss_ranknet=0.000000 | train_loss_lambda=0.000000 | lr=0.00001000
2026-05-14 10:47:55 | INFO | master | Epoch 10 | batch 2900/3402 | train_loss=0.945719 | train_loss_pointwise=0.945719 | train_loss_ranknet=0.000000 | train_loss_lambda=0.000000 | lr=0.00001000
2026-05-14 10:48:01 | INFO | master | Epoch 10 | batch 3000/3402 | train_loss=0.964808 | train_loss_pointwise=0.964808 | train_loss_ranknet=0.000000 | train_loss_lambda=0.000000 | lr=0.00001000
2026-05-14 10:48:06 | INFO | master | Epoch 10 | batch 3100/3402 | train_loss=0.924249 | train_loss_pointwise=0.924249 | train_loss_ranknet=0.000000 | train_loss_lambda=0.000000 | lr=0.00001000
2026-05-14 10:48:12 | INFO | master | Epoch 10 | batch 3200/3402 | train_loss=0.822023 | train_loss_pointwise=0.822023 | train_loss_ranknet=0.000000 | train_loss_lambda=0.000000 | lr=0.00001000
2026-05-14 10:48:18 | INFO | master | Epoch 10 | batch 3300/3402 | train_loss=0.980477 | train_loss_pointwise=0.980477 | train_loss_ranknet=0.000000 | train_loss_lambda=0.000000 | lr=0.00001000
2026-05-14 10:48:24 | INFO | master | Epoch 10 | batch 3400/3402 | train_loss=0.964267 | train_loss_pointwise=0.964267 | train_loss_ranknet=0.000000 | train_loss_lambda=0.000000 | lr=0.00001000
2026-05-14 10:48:24 | INFO | master | Epoch 10 | batch 3402/3402 | train_loss=0.945171 | train_loss_pointwise=0.945171 | train_loss_ranknet=0.000000 | train_loss_lambda=0.000000 | lr=0.00001000
2026-05-14 10:48:41 | INFO | master | Epoch 10 | train_loss=0.972131 | valid_loss=0.992256 | valid_loss_pointwise=0.992256 | valid_loss_ranknet=0.000000 | valid_loss_lambda=0.000000 | monitor=rank_ic=0.079064 | early_stop_bad_epochs=0/10 | R2=0.005375 | IC=0.080520 | ICIR=0.580041 | RIC=0.079064 | RICIR=0.580928 | samples=143608.000000 | total_trading_days=479.000000 | NDCG@30=0.386791 | NDCGIR@30=3.723936 | PORTFOLIO_NDCG_HARD@30=0.394914 | PORTFOLIO_NDCG_HARDIR@30=4.121010 | PORTFOLIO_NDCG_SOFT@30=0.398478 | PORTFOLIO_NDCG_SOFTIR@30=4.234319 | TOPK_OVERLAP@5=0.009186 | TOPK_OVERLAPIR@5=0.219408 | TOPK_OVERLAP@10=0.021712 | TOPK_OVERLAPIR@10=0.417701 | TOPK_OVERLAP@20=0.048225 | TOPK_OVERLAPIR@20=0.815283 | TOPK_OVERLAP@30=0.084412 | TOPK_OVERLAPIR@30=1.281231 | TOPK_OVERLAP@40=0.122182 | TOPK_OVERLAPIR@40=1.727478 | TOPK_OVERLAP@50=0.158330 | TOPK_OVERLAPIR@50=2.137451
2026-05-14 10:48:41 | INFO | master | Monitor rank_ic improved at epoch 10. Best epoch=10, best_monitor_value=0.079064 | best_valid_loss=0.992256 | best_train_loss=0.972131
2026-05-14 10:48:48 | INFO | master | Epoch 11 | batch 100/3402 | train_loss=0.962377 | train_loss_pointwise=0.962377 | train_loss_ranknet=0.000000 | train_loss_lambda=0.000000 | lr=0.00001000
2026-05-14 10:48:53 | INFO | master | Epoch 11 | batch 200/3402 | train_loss=0.914855 | train_loss_pointwise=0.914855 | train_loss_ranknet=0.000000 | train_loss_lambda=0.000000 | lr=0.00001000
2026-05-14 10:48:59 | INFO | master | Epoch 11 | batch 300/3402 | train_loss=0.989254 | train_loss_pointwise=0.989254 | train_loss_ranknet=0.000000 | train_loss_lambda=0.000000 | lr=0.00001000
2026-05-14 10:49:04 | INFO | master | Epoch 11 | batch 400/3402 | train_loss=1.007531 | train_loss_pointwise=1.007531 | train_loss_ranknet=0.000000 | train_loss_lambda=0.000000 | lr=0.00001000
2026-05-14 10:49:10 | INFO | master | Epoch 11 | batch 500/3402 | train_loss=0.951044 | train_loss_pointwise=0.951044 | train_loss_ranknet=0.000000 | train_loss_lambda=0.000000 | lr=0.00001000
2026-05-14 10:49:15 | INFO | master | Epoch 11 | batch 600/3402 | train_loss=0.987501 | train_loss_pointwise=0.987501 | train_loss_ranknet=0.000000 | train_loss_lambda=0.000000 | lr=0.00001000
2026-05-14 10:49:21 | INFO | master | Epoch 11 | batch 700/3402 | train_loss=1.003809 | train_loss_pointwise=1.003809 | train_loss_ranknet=0.000000 | train_loss_lambda=0.000000 | lr=0.00001000
2026-05-14 10:49:27 | INFO | master | Epoch 11 | batch 800/3402 | train_loss=1.052166 | train_loss_pointwise=1.052166 | train_loss_ranknet=0.000000 | train_loss_lambda=0.000000 | lr=0.00001000
2026-05-14 10:49:32 | INFO | master | Epoch 11 | batch 900/3402 | train_loss=0.975107 | train_loss_pointwise=0.975107 | train_loss_ranknet=0.000000 | train_loss_lambda=0.000000 | lr=0.00001000
2026-05-14 10:49:38 | INFO | master | Epoch 11 | batch 1000/3402 | train_loss=0.953099 | train_loss_pointwise=0.953099 | train_loss_ranknet=0.000000 | train_loss_lambda=0.000000 | lr=0.00001000
2026-05-14 10:49:43 | INFO | master | Epoch 11 | batch 1100/3402 | train_loss=0.981034 | train_loss_pointwise=0.981034 | train_loss_ranknet=0.000000 | train_loss_lambda=0.000000 | lr=0.00001000
2026-05-14 10:49:49 | INFO | master | Epoch 11 | batch 1200/3402 | train_loss=1.012056 | train_loss_pointwise=1.012056 | train_loss_ranknet=0.000000 | train_loss_lambda=0.000000 | lr=0.00001000
2026-05-14 10:49:55 | INFO | master | Epoch 11 | batch 1300/3402 | train_loss=0.990479 | train_loss_pointwise=0.990479 | train_loss_ranknet=0.000000 | train_loss_lambda=0.000000 | lr=0.00001000
2026-05-14 10:50:01 | INFO | master | Epoch 11 | batch 1400/3402 | train_loss=0.889349 | train_loss_pointwise=0.889349 | train_loss_ranknet=0.000000 | train_loss_lambda=0.000000 | lr=0.00001000
2026-05-14 10:50:06 | INFO | master | Epoch 11 | batch 1500/3402 | train_loss=0.988750 | train_loss_pointwise=0.988750 | train_loss_ranknet=0.000000 | train_loss_lambda=0.000000 | lr=0.00001000
2026-05-14 10:50:12 | INFO | master | Epoch 11 | batch 1600/3402 | train_loss=0.930435 | train_loss_pointwise=0.930435 | train_loss_ranknet=0.000000 | train_loss_lambda=0.000000 | lr=0.00001000
2026-05-14 10:50:18 | INFO | master | Epoch 11 | batch 1700/3402 | train_loss=0.921540 | train_loss_pointwise=0.921540 | train_loss_ranknet=0.000000 | train_loss_lambda=0.000000 | lr=0.00001000
2026-05-14 10:50:24 | INFO | master | Epoch 11 | batch 1800/3402 | train_loss=0.970978 | train_loss_pointwise=0.970978 | train_loss_ranknet=0.000000 | train_loss_lambda=0.000000 | lr=0.00001000
2026-05-14 10:50:31 | INFO | master | Epoch 11 | batch 1900/3402 | train_loss=1.050885 | train_loss_pointwise=1.050885 | train_loss_ranknet=0.000000 | train_loss_lambda=0.000000 | lr=0.00001000
2026-05-14 10:50:37 | INFO | master | Epoch 11 | batch 2000/3402 | train_loss=1.007537 | train_loss_pointwise=1.007537 | train_loss_ranknet=0.000000 | train_loss_lambda=0.000000 | lr=0.00001000
2026-05-14 10:50:42 | INFO | master | Epoch 11 | batch 2100/3402 | train_loss=1.042437 | train_loss_pointwise=1.042437 | train_loss_ranknet=0.000000 | train_loss_lambda=0.000000 | lr=0.00001000
2026-05-14 10:50:48 | INFO | master | Epoch 11 | batch 2200/3402 | train_loss=1.061600 | train_loss_pointwise=1.061600 | train_loss_ranknet=0.000000 | train_loss_lambda=0.000000 | lr=0.00001000
2026-05-14 10:50:54 | INFO | master | Epoch 11 | batch 2300/3402 | train_loss=0.914587 | train_loss_pointwise=0.914587 | train_loss_ranknet=0.000000 | train_loss_lambda=0.000000 | lr=0.00001000
2026-05-14 10:51:01 | INFO | master | Epoch 11 | batch 2400/3402 | train_loss=0.841096 | train_loss_pointwise=0.841096 | train_loss_ranknet=0.000000 | train_loss_lambda=0.000000 | lr=0.00001000
2026-05-14 10:51:06 | INFO | master | Epoch 11 | batch 2500/3402 | train_loss=0.868717 | train_loss_pointwise=0.868717 | train_loss_ranknet=0.000000 | train_loss_lambda=0.000000 | lr=0.00001000
2026-05-14 10:51:13 | INFO | master | Epoch 11 | batch 2600/3402 | train_loss=0.997887 | train_loss_pointwise=0.997887 | train_loss_ranknet=0.000000 | train_loss_lambda=0.000000 | lr=0.00001000
2026-05-14 10:51:19 | INFO | master | Epoch 11 | batch 2700/3402 | train_loss=0.893282 | train_loss_pointwise=0.893282 | train_loss_ranknet=0.000000 | train_loss_lambda=0.000000 | lr=0.00001000
2026-05-14 10:51:25 | INFO | master | Epoch 11 | batch 2800/3402 | train_loss=0.979378 | train_loss_pointwise=0.979378 | train_loss_ranknet=0.000000 | train_loss_lambda=0.000000 | lr=0.00001000
2026-05-14 10:51:31 | INFO | master | Epoch 11 | batch 2900/3402 | train_loss=1.017593 | train_loss_pointwise=1.017593 | train_loss_ranknet=0.000000 | train_loss_lambda=0.000000 | lr=0.00001000
2026-05-14 10:51:37 | INFO | master | Epoch 11 | batch 3000/3402 | train_loss=1.022859 | train_loss_pointwise=1.022859 | train_loss_ranknet=0.000000 | train_loss_lambda=0.000000 | lr=0.00001000
2026-05-14 10:51:44 | INFO | master | Epoch 11 | batch 3100/3402 | train_loss=0.972458 | train_loss_pointwise=0.972458 | train_loss_ranknet=0.000000 | train_loss_lambda=0.000000 | lr=0.00001000
2026-05-14 10:51:50 | INFO | master | Epoch 11 | batch 3200/3402 | train_loss=0.959321 | train_loss_pointwise=0.959321 | train_loss_ranknet=0.000000 | train_loss_lambda=0.000000 | lr=0.00001000
2026-05-14 10:51:56 | INFO | master | Epoch 11 | batch 3300/3402 | train_loss=0.908465 | train_loss_pointwise=0.908465 | train_loss_ranknet=0.000000 | train_loss_lambda=0.000000 | lr=0.00001000
2026-05-14 10:52:03 | INFO | master | Epoch 11 | batch 3400/3402 | train_loss=0.989772 | train_loss_pointwise=0.989772 | train_loss_ranknet=0.000000 | train_loss_lambda=0.000000 | lr=0.00001000
2026-05-14 10:52:03 | INFO | master | Epoch 11 | batch 3402/3402 | train_loss=0.966161 | train_loss_pointwise=0.966161 | train_loss_ranknet=0.000000 | train_loss_lambda=0.000000 | lr=0.00001000
2026-05-14 10:52:20 | INFO | master | Epoch 11 | train_loss=0.970504 | valid_loss=0.995584 | valid_loss_pointwise=0.995584 | valid_loss_ranknet=0.000000 | valid_loss_lambda=0.000000 | monitor=rank_ic=0.071766 | early_stop_bad_epochs=1/10 | R2=0.002040 | IC=0.073654 | ICIR=0.522764 | RIC=0.071766 | RICIR=0.513753 | samples=143608.000000 | total_trading_days=479.000000 | NDCG@30=0.394829 | NDCGIR@30=3.546307 | PORTFOLIO_NDCG_HARD@30=0.401789 | PORTFOLIO_NDCG_HARDIR@30=3.906511 | PORTFOLIO_NDCG_SOFT@30=0.405167 | PORTFOLIO_NDCG_SOFTIR@30=4.010909 | TOPK_OVERLAP@5=0.009603 | TOPK_OVERLAPIR@5=0.214981 | TOPK_OVERLAP@10=0.026305 | TOPK_OVERLAPIR@10=0.448384 | TOPK_OVERLAP@20=0.059081 | TOPK_OVERLAPIR@20=0.924087 | TOPK_OVERLAP@30=0.096103 | TOPK_OVERLAPIR@30=1.413263 | TOPK_OVERLAP@40=0.132255 | TOPK_OVERLAPIR@40=1.750518 | TOPK_OVERLAP@50=0.169186 | TOPK_OVERLAPIR@50=2.130594
2026-05-14 10:52:26 | INFO | master | Epoch 12 | batch 100/3402 | train_loss=0.980912 | train_loss_pointwise=0.980912 | train_loss_ranknet=0.000000 | train_loss_lambda=0.000000 | lr=0.00001000
2026-05-14 10:52:32 | INFO | master | Epoch 12 | batch 200/3402 | train_loss=0.944138 | train_loss_pointwise=0.944138 | train_loss_ranknet=0.000000 | train_loss_lambda=0.000000 | lr=0.00001000
2026-05-14 10:52:38 | INFO | master | Epoch 12 | batch 300/3402 | train_loss=0.981588 | train_loss_pointwise=0.981588 | train_loss_ranknet=0.000000 | train_loss_lambda=0.000000 | lr=0.00001000
2026-05-14 10:52:43 | INFO | master | Epoch 12 | batch 400/3402 | train_loss=0.911135 | train_loss_pointwise=0.911135 | train_loss_ranknet=0.000000 | train_loss_lambda=0.000000 | lr=0.00001000
2026-05-14 10:52:49 | INFO | master | Epoch 12 | batch 500/3402 | train_loss=0.913210 | train_loss_pointwise=0.913210 | train_loss_ranknet=0.000000 | train_loss_lambda=0.000000 | lr=0.00001000
2026-05-14 10:52:55 | INFO | master | Epoch 12 | batch 600/3402 | train_loss=0.945656 | train_loss_pointwise=0.945656 | train_loss_ranknet=0.000000 | train_loss_lambda=0.000000 | lr=0.00001000
2026-05-14 10:53:00 | INFO | master | Epoch 12 | batch 700/3402 | train_loss=0.964304 | train_loss_pointwise=0.964304 | train_loss_ranknet=0.000000 | train_loss_lambda=0.000000 | lr=0.00001000
2026-05-14 10:53:06 | INFO | master | Epoch 12 | batch 800/3402 | train_loss=0.989633 | train_loss_pointwise=0.989633 | train_loss_ranknet=0.000000 | train_loss_lambda=0.000000 | lr=0.00001000
2026-05-14 10:53:12 | INFO | master | Epoch 12 | batch 900/3402 | train_loss=1.063188 | train_loss_pointwise=1.063188 | train_loss_ranknet=0.000000 | train_loss_lambda=0.000000 | lr=0.00001000
2026-05-14 10:53:17 | INFO | master | Epoch 12 | batch 1000/3402 | train_loss=0.969839 | train_loss_pointwise=0.969839 | train_loss_ranknet=0.000000 | train_loss_lambda=0.000000 | lr=0.00001000
2026-05-14 10:53:23 | INFO | master | Epoch 12 | batch 1100/3402 | train_loss=1.040073 | train_loss_pointwise=1.040073 | train_loss_ranknet=0.000000 | train_loss_lambda=0.000000 | lr=0.00001000
2026-05-14 10:53:29 | INFO | master | Epoch 12 | batch 1200/3402 | train_loss=0.963120 | train_loss_pointwise=0.963120 | train_loss_ranknet=0.000000 | train_loss_lambda=0.000000 | lr=0.00001000
2026-05-14 10:53:34 | INFO | master | Epoch 12 | batch 1300/3402 | train_loss=0.927266 | train_loss_pointwise=0.927266 | train_loss_ranknet=0.000000 | train_loss_lambda=0.000000 | lr=0.00001000
2026-05-14 10:53:40 | INFO | master | Epoch 12 | batch 1400/3402 | train_loss=0.951211 | train_loss_pointwise=0.951211 | train_loss_ranknet=0.000000 | train_loss_lambda=0.000000 | lr=0.00001000
2026-05-14 10:53:45 | INFO | master | Epoch 12 | batch 1500/3402 | train_loss=0.986234 | train_loss_pointwise=0.986234 | train_loss_ranknet=0.000000 | train_loss_lambda=0.000000 | lr=0.00001000
2026-05-14 10:53:51 | INFO | master | Epoch 12 | batch 1600/3402 | train_loss=0.938827 | train_loss_pointwise=0.938827 | train_loss_ranknet=0.000000 | train_loss_lambda=0.000000 | lr=0.00001000
2026-05-14 10:53:57 | INFO | master | Epoch 12 | batch 1700/3402 | train_loss=0.983730 | train_loss_pointwise=0.983730 | train_loss_ranknet=0.000000 | train_loss_lambda=0.000000 | lr=0.00001000
2026-05-14 10:54:03 | INFO | master | Epoch 12 | batch 1800/3402 | train_loss=0.905167 | train_loss_pointwise=0.905167 | train_loss_ranknet=0.000000 | train_loss_lambda=0.000000 | lr=0.00001000
2026-05-14 10:54:10 | INFO | master | Epoch 12 | batch 1900/3402 | train_loss=0.909707 | train_loss_pointwise=0.909707 | train_loss_ranknet=0.000000 | train_loss_lambda=0.000000 | lr=0.00001000
2026-05-14 10:54:16 | INFO | master | Epoch 12 | batch 2000/3402 | train_loss=1.042169 | train_loss_pointwise=1.042169 | train_loss_ranknet=0.000000 | train_loss_lambda=0.000000 | lr=0.00001000
2026-05-14 10:54:22 | INFO | master | Epoch 12 | batch 2100/3402 | train_loss=0.900198 | train_loss_pointwise=0.900198 | train_loss_ranknet=0.000000 | train_loss_lambda=0.000000 | lr=0.00001000
2026-05-14 10:54:27 | INFO | master | Epoch 12 | batch 2200/3402 | train_loss=0.943178 | train_loss_pointwise=0.943178 | train_loss_ranknet=0.000000 | train_loss_lambda=0.000000 | lr=0.00001000
2026-05-14 10:54:33 | INFO | master | Epoch 12 | batch 2300/3402 | train_loss=1.025829 | train_loss_pointwise=1.025829 | train_loss_ranknet=0.000000 | train_loss_lambda=0.000000 | lr=0.00001000
2026-05-14 10:54:39 | INFO | master | Epoch 12 | batch 2400/3402 | train_loss=0.906505 | train_loss_pointwise=0.906505 | train_loss_ranknet=0.000000 | train_loss_lambda=0.000000 | lr=0.00001000
2026-05-14 10:54:45 | INFO | master | Epoch 12 | batch 2500/3402 | train_loss=0.957700 | train_loss_pointwise=0.957700 | train_loss_ranknet=0.000000 | train_loss_lambda=0.000000 | lr=0.00001000
2026-05-14 10:54:50 | INFO | master | Epoch 12 | batch 2600/3402 | train_loss=0.958362 | train_loss_pointwise=0.958362 | train_loss_ranknet=0.000000 | train_loss_lambda=0.000000 | lr=0.00001000
2026-05-14 10:54:56 | INFO | master | Epoch 12 | batch 2700/3402 | train_loss=1.065662 | train_loss_pointwise=1.065662 | train_loss_ranknet=0.000000 | train_loss_lambda=0.000000 | lr=0.00001000
2026-05-14 10:55:01 | INFO | master | Epoch 12 | batch 2800/3402 | train_loss=0.949094 | train_loss_pointwise=0.949094 | train_loss_ranknet=0.000000 | train_loss_lambda=0.000000 | lr=0.00001000
2026-05-14 10:55:07 | INFO | master | Epoch 12 | batch 2900/3402 | train_loss=0.855391 | train_loss_pointwise=0.855391 | train_loss_ranknet=0.000000 | train_loss_lambda=0.000000 | lr=0.00001000
2026-05-14 10:55:12 | INFO | master | Epoch 12 | batch 3000/3402 | train_loss=0.978451 | train_loss_pointwise=0.978451 | train_loss_ranknet=0.000000 | train_loss_lambda=0.000000 | lr=0.00001000
2026-05-14 10:55:18 | INFO | master | Epoch 12 | batch 3100/3402 | train_loss=0.971533 | train_loss_pointwise=0.971533 | train_loss_ranknet=0.000000 | train_loss_lambda=0.000000 | lr=0.00001000
2026-05-14 10:55:24 | INFO | master | Epoch 12 | batch 3200/3402 | train_loss=0.996430 | train_loss_pointwise=0.996430 | train_loss_ranknet=0.000000 | train_loss_lambda=0.000000 | lr=0.00001000
2026-05-14 10:55:30 | INFO | master | Epoch 12 | batch 3300/3402 | train_loss=0.970407 | train_loss_pointwise=0.970407 | train_loss_ranknet=0.000000 | train_loss_lambda=0.000000 | lr=0.00001000
2026-05-14 10:55:35 | INFO | master | Epoch 12 | batch 3400/3402 | train_loss=0.958554 | train_loss_pointwise=0.958554 | train_loss_ranknet=0.000000 | train_loss_lambda=0.000000 | lr=0.00001000
2026-05-14 10:55:35 | INFO | master | Epoch 12 | batch 3402/3402 | train_loss=0.883398 | train_loss_pointwise=0.883398 | train_loss_ranknet=0.000000 | train_loss_lambda=0.000000 | lr=0.00001000
2026-05-14 10:55:51 | INFO | master | Epoch 12 | train_loss=0.968491 | valid_loss=0.995239 | valid_loss_pointwise=0.995239 | valid_loss_ranknet=0.000000 | valid_loss_lambda=0.000000 | monitor=rank_ic=0.071821 | early_stop_bad_epochs=2/10 | R2=0.002385 | IC=0.073933 | ICIR=0.475808 | RIC=0.071821 | RICIR=0.463360 | samples=143608.000000 | total_trading_days=479.000000 | NDCG@30=0.391836 | NDCGIR@30=3.556828 | PORTFOLIO_NDCG_HARD@30=0.399467 | PORTFOLIO_NDCG_HARDIR@30=3.875765 | PORTFOLIO_NDCG_SOFT@30=0.403045 | PORTFOLIO_NDCG_SOFTIR@30=3.969786 | TOPK_OVERLAP@5=0.016701 | TOPK_OVERLAPIR@5=0.286622 | TOPK_OVERLAP@10=0.031733 | TOPK_OVERLAPIR@10=0.512322 | TOPK_OVERLAP@20=0.068476 | TOPK_OVERLAPIR@20=0.958642 | TOPK_OVERLAP@30=0.104106 | TOPK_OVERLAPIR@30=1.402969 | TOPK_OVERLAP@40=0.139509 | TOPK_OVERLAPIR@40=1.803756 | TOPK_OVERLAP@50=0.178288 | TOPK_OVERLAPIR@50=2.187942
2026-05-14 10:55:56 | INFO | master | Epoch 13 | batch 100/3402 | train_loss=1.074119 | train_loss_pointwise=1.074119 | train_loss_ranknet=0.000000 | train_loss_lambda=0.000000 | lr=0.00001000
2026-05-14 10:56:02 | INFO | master | Epoch 13 | batch 200/3402 | train_loss=0.924095 | train_loss_pointwise=0.924095 | train_loss_ranknet=0.000000 | train_loss_lambda=0.000000 | lr=0.00001000
2026-05-14 10:56:08 | INFO | master | Epoch 13 | batch 300/3402 | train_loss=0.971867 | train_loss_pointwise=0.971867 | train_loss_ranknet=0.000000 | train_loss_lambda=0.000000 | lr=0.00001000
2026-05-14 10:56:14 | INFO | master | Epoch 13 | batch 400/3402 | train_loss=1.022059 | train_loss_pointwise=1.022059 | train_loss_ranknet=0.000000 | train_loss_lambda=0.000000 | lr=0.00001000
2026-05-14 10:56:20 | INFO | master | Epoch 13 | batch 500/3402 | train_loss=0.949736 | train_loss_pointwise=0.949736 | train_loss_ranknet=0.000000 | train_loss_lambda=0.000000 | lr=0.00001000
2026-05-14 10:56:27 | INFO | master | Epoch 13 | batch 600/3402 | train_loss=1.039696 | train_loss_pointwise=1.039696 | train_loss_ranknet=0.000000 | train_loss_lambda=0.000000 | lr=0.00001000
2026-05-14 10:56:32 | INFO | master | Epoch 13 | batch 700/3402 | train_loss=0.988094 | train_loss_pointwise=0.988094 | train_loss_ranknet=0.000000 | train_loss_lambda=0.000000 | lr=0.00001000
2026-05-14 10:56:39 | INFO | master | Epoch 13 | batch 800/3402 | train_loss=0.950937 | train_loss_pointwise=0.950937 | train_loss_ranknet=0.000000 | train_loss_lambda=0.000000 | lr=0.00001000
2026-05-14 10:56:44 | INFO | master | Epoch 13 | batch 900/3402 | train_loss=0.983238 | train_loss_pointwise=0.983238 | train_loss_ranknet=0.000000 | train_loss_lambda=0.000000 | lr=0.00001000
2026-05-14 10:56:50 | INFO | master | Epoch 13 | batch 1000/3402 | train_loss=0.923553 | train_loss_pointwise=0.923553 | train_loss_ranknet=0.000000 | train_loss_lambda=0.000000 | lr=0.00001000
2026-05-14 10:56:55 | INFO | master | Epoch 13 | batch 1100/3402 | train_loss=0.937810 | train_loss_pointwise=0.937810 | train_loss_ranknet=0.000000 | train_loss_lambda=0.000000 | lr=0.00001000
2026-05-14 10:57:00 | INFO | master | Epoch 13 | batch 1200/3402 | train_loss=1.035456 | train_loss_pointwise=1.035456 | train_loss_ranknet=0.000000 | train_loss_lambda=0.000000 | lr=0.00001000
2026-05-14 10:57:06 | INFO | master | Epoch 13 | batch 1300/3402 | train_loss=0.949240 | train_loss_pointwise=0.949240 | train_loss_ranknet=0.000000 | train_loss_lambda=0.000000 | lr=0.00001000
2026-05-14 10:57:12 | INFO | master | Epoch 13 | batch 1400/3402 | train_loss=1.008191 | train_loss_pointwise=1.008191 | train_loss_ranknet=0.000000 | train_loss_lambda=0.000000 | lr=0.00001000
2026-05-14 10:57:17 | INFO | master | Epoch 13 | batch 1500/3402 | train_loss=0.971201 | train_loss_pointwise=0.971201 | train_loss_ranknet=0.000000 | train_loss_lambda=0.000000 | lr=0.00001000
2026-05-14 10:57:22 | INFO | master | Epoch 13 | batch 1600/3402 | train_loss=0.996748 | train_loss_pointwise=0.996748 | train_loss_ranknet=0.000000 | train_loss_lambda=0.000000 | lr=0.00001000
2026-05-14 10:57:28 | INFO | master | Epoch 13 | batch 1700/3402 | train_loss=0.755014 | train_loss_pointwise=0.755014 | train_loss_ranknet=0.000000 | train_loss_lambda=0.000000 | lr=0.00001000
2026-05-14 10:57:33 | INFO | master | Epoch 13 | batch 1800/3402 | train_loss=0.929814 | train_loss_pointwise=0.929814 | train_loss_ranknet=0.000000 | train_loss_lambda=0.000000 | lr=0.00001000
2026-05-14 10:57:38 | INFO | master | Epoch 13 | batch 1900/3402 | train_loss=0.942835 | train_loss_pointwise=0.942835 | train_loss_ranknet=0.000000 | train_loss_lambda=0.000000 | lr=0.00001000
2026-05-14 10:57:44 | INFO | master | Epoch 13 | batch 2000/3402 | train_loss=1.002237 | train_loss_pointwise=1.002237 | train_loss_ranknet=0.000000 | train_loss_lambda=0.000000 | lr=0.00001000
2026-05-14 10:57:50 | INFO | master | Epoch 13 | batch 2100/3402 | train_loss=0.996143 | train_loss_pointwise=0.996143 | train_loss_ranknet=0.000000 | train_loss_lambda=0.000000 | lr=0.00001000
2026-05-14 10:57:55 | INFO | master | Epoch 13 | batch 2200/3402 | train_loss=1.032468 | train_loss_pointwise=1.032468 | train_loss_ranknet=0.000000 | train_loss_lambda=0.000000 | lr=0.00001000
2026-05-14 10:58:01 | INFO | master | Epoch 13 | batch 2300/3402 | train_loss=0.932028 | train_loss_pointwise=0.932028 | train_loss_ranknet=0.000000 | train_loss_lambda=0.000000 | lr=0.00001000
2026-05-14 10:58:06 | INFO | master | Epoch 13 | batch 2400/3402 | train_loss=1.010293 | train_loss_pointwise=1.010293 | train_loss_ranknet=0.000000 | train_loss_lambda=0.000000 | lr=0.00001000
2026-05-14 10:58:12 | INFO | master | Epoch 13 | batch 2500/3402 | train_loss=0.989011 | train_loss_pointwise=0.989011 | train_loss_ranknet=0.000000 | train_loss_lambda=0.000000 | lr=0.00001000
2026-05-14 10:58:18 | INFO | master | Epoch 13 | batch 2600/3402 | train_loss=0.950124 | train_loss_pointwise=0.950124 | train_loss_ranknet=0.000000 | train_loss_lambda=0.000000 | lr=0.00001000
2026-05-14 10:58:23 | INFO | master | Epoch 13 | batch 2700/3402 | train_loss=0.898669 | train_loss_pointwise=0.898669 | train_loss_ranknet=0.000000 | train_loss_lambda=0.000000 | lr=0.00001000
2026-05-14 10:58:29 | INFO | master | Epoch 13 | batch 2800/3402 | train_loss=0.996711 | train_loss_pointwise=0.996711 | train_loss_ranknet=0.000000 | train_loss_lambda=0.000000 | lr=0.00001000
2026-05-14 10:58:34 | INFO | master | Epoch 13 | batch 2900/3402 | train_loss=1.007264 | train_loss_pointwise=1.007264 | train_loss_ranknet=0.000000 | train_loss_lambda=0.000000 | lr=0.00001000
2026-05-14 10:58:40 | INFO | master | Epoch 13 | batch 3000/3402 | train_loss=0.929224 | train_loss_pointwise=0.929224 | train_loss_ranknet=0.000000 | train_loss_lambda=0.000000 | lr=0.00001000
2026-05-14 10:58:46 | INFO | master | Epoch 13 | batch 3100/3402 | train_loss=0.970958 | train_loss_pointwise=0.970958 | train_loss_ranknet=0.000000 | train_loss_lambda=0.000000 | lr=0.00001000
2026-05-14 10:58:53 | INFO | master | Epoch 13 | batch 3200/3402 | train_loss=1.017296 | train_loss_pointwise=1.017296 | train_loss_ranknet=0.000000 | train_loss_lambda=0.000000 | lr=0.00001000
2026-05-14 10:58:58 | INFO | master | Epoch 13 | batch 3300/3402 | train_loss=0.942663 | train_loss_pointwise=0.942663 | train_loss_ranknet=0.000000 | train_loss_lambda=0.000000 | lr=0.00001000
2026-05-14 10:59:05 | INFO | master | Epoch 13 | batch 3400/3402 | train_loss=0.954940 | train_loss_pointwise=0.954940 | train_loss_ranknet=0.000000 | train_loss_lambda=0.000000 | lr=0.00001000
2026-05-14 10:59:05 | INFO | master | Epoch 13 | batch 3402/3402 | train_loss=0.984520 | train_loss_pointwise=0.984520 | train_loss_ranknet=0.000000 | train_loss_lambda=0.000000 | lr=0.00001000
2026-05-14 10:59:20 | INFO | master | Epoch 13 | train_loss=0.966473 | valid_loss=0.993691 | valid_loss_pointwise=0.993691 | valid_loss_ranknet=0.000000 | valid_loss_lambda=0.000000 | monitor=rank_ic=0.080292 | early_stop_bad_epochs=0/10 | R2=0.003937 | IC=0.082514 | ICIR=0.567600 | RIC=0.080292 | RICIR=0.557924 | samples=143608.000000 | total_trading_days=479.000000 | NDCG@30=0.391601 | NDCGIR@30=3.612045 | PORTFOLIO_NDCG_HARD@30=0.399783 | PORTFOLIO_NDCG_HARDIR@30=3.943858 | PORTFOLIO_NDCG_SOFT@30=0.403219 | PORTFOLIO_NDCG_SOFTIR@30=4.046211 | TOPK_OVERLAP@5=0.015449 | TOPK_OVERLAPIR@5=0.273736 | TOPK_OVERLAP@10=0.027975 | TOPK_OVERLAPIR@10=0.480277 | TOPK_OVERLAP@20=0.059916 | TOPK_OVERLAPIR@20=0.912457 | TOPK_OVERLAP@30=0.094781 | TOPK_OVERLAPIR@30=1.344226 | TOPK_OVERLAP@40=0.129019 | TOPK_OVERLAPIR@40=1.765118 | TOPK_OVERLAP@50=0.166639 | TOPK_OVERLAPIR@50=2.202918
2026-05-14 10:59:20 | INFO | master | Monitor rank_ic improved at epoch 13. Best epoch=13, best_monitor_value=0.080292 | best_valid_loss=0.993691 | best_train_loss=0.966473
2026-05-14 10:59:24 | INFO | master | Epoch 14 | batch 100/3402 | train_loss=0.952881 | train_loss_pointwise=0.952881 | train_loss_ranknet=0.000000 | train_loss_lambda=0.000000 | lr=0.00001000
2026-05-14 10:59:28 | INFO | master | Epoch 14 | batch 200/3402 | train_loss=0.962028 | train_loss_pointwise=0.962028 | train_loss_ranknet=0.000000 | train_loss_lambda=0.000000 | lr=0.00001000
2026-05-14 10:59:32 | INFO | master | Epoch 14 | batch 300/3402 | train_loss=0.951427 | train_loss_pointwise=0.951427 | train_loss_ranknet=0.000000 | train_loss_lambda=0.000000 | lr=0.00001000
2026-05-14 10:59:37 | INFO | master | Epoch 14 | batch 400/3402 | train_loss=0.946745 | train_loss_pointwise=0.946745 | train_loss_ranknet=0.000000 | train_loss_lambda=0.000000 | lr=0.00001000
2026-05-14 10:59:42 | INFO | master | Epoch 14 | batch 500/3402 | train_loss=0.979220 | train_loss_pointwise=0.979220 | train_loss_ranknet=0.000000 | train_loss_lambda=0.000000 | lr=0.00001000
2026-05-14 10:59:46 | INFO | master | Epoch 14 | batch 600/3402 | train_loss=0.986071 | train_loss_pointwise=0.986071 | train_loss_ranknet=0.000000 | train_loss_lambda=0.000000 | lr=0.00001000
2026-05-14 10:59:50 | INFO | master | Epoch 14 | batch 700/3402 | train_loss=0.957000 | train_loss_pointwise=0.957000 | train_loss_ranknet=0.000000 | train_loss_lambda=0.000000 | lr=0.00001000
2026-05-14 10:59:55 | INFO | master | Epoch 14 | batch 800/3402 | train_loss=0.975224 | train_loss_pointwise=0.975224 | train_loss_ranknet=0.000000 | train_loss_lambda=0.000000 | lr=0.00001000
2026-05-14 10:59:59 | INFO | master | Epoch 14 | batch 900/3402 | train_loss=0.975922 | train_loss_pointwise=0.975922 | train_loss_ranknet=0.000000 | train_loss_lambda=0.000000 | lr=0.00001000
2026-05-14 11:00:05 | INFO | master | Epoch 14 | batch 1000/3402 | train_loss=1.045019 | train_loss_pointwise=1.045019 | train_loss_ranknet=0.000000 | train_loss_lambda=0.000000 | lr=0.00001000
2026-05-14 11:00:09 | INFO | master | Epoch 14 | batch 1100/3402 | train_loss=0.986901 | train_loss_pointwise=0.986901 | train_loss_ranknet=0.000000 | train_loss_lambda=0.000000 | lr=0.00001000
2026-05-14 11:00:16 | INFO | master | Epoch 14 | batch 1200/3402 | train_loss=1.011110 | train_loss_pointwise=1.011110 | train_loss_ranknet=0.000000 | train_loss_lambda=0.000000 | lr=0.00001000
2026-05-14 11:00:19 | INFO | master | Epoch 14 | batch 1300/3402 | train_loss=1.015385 | train_loss_pointwise=1.015385 | train_loss_ranknet=0.000000 | train_loss_lambda=0.000000 | lr=0.00001000
2026-05-14 11:00:23 | INFO | master | Epoch 14 | batch 1400/3402 | train_loss=0.993837 | train_loss_pointwise=0.993837 | train_loss_ranknet=0.000000 | train_loss_lambda=0.000000 | lr=0.00001000
2026-05-14 11:00:27 | INFO | master | Epoch 14 | batch 1500/3402 | train_loss=1.011430 | train_loss_pointwise=1.011430 | train_loss_ranknet=0.000000 | train_loss_lambda=0.000000 | lr=0.00001000
2026-05-14 11:00:31 | INFO | master | Epoch 14 | batch 1600/3402 | train_loss=1.012285 | train_loss_pointwise=1.012285 | train_loss_ranknet=0.000000 | train_loss_lambda=0.000000 | lr=0.00001000
2026-05-14 11:00:35 | INFO | master | Epoch 14 | batch 1700/3402 | train_loss=0.940349 | train_loss_pointwise=0.940349 | train_loss_ranknet=0.000000 | train_loss_lambda=0.000000 | lr=0.00001000
2026-05-14 11:00:40 | INFO | master | Epoch 14 | batch 1800/3402 | train_loss=0.933833 | train_loss_pointwise=0.933833 | train_loss_ranknet=0.000000 | train_loss_lambda=0.000000 | lr=0.00001000
2026-05-14 11:00:45 | INFO | master | Epoch 14 | batch 1900/3402 | train_loss=1.045621 | train_loss_pointwise=1.045621 | train_loss_ranknet=0.000000 | train_loss_lambda=0.000000 | lr=0.00001000
2026-05-14 11:00:49 | INFO | master | Epoch 14 | batch 2000/3402 | train_loss=0.995543 | train_loss_pointwise=0.995543 | train_loss_ranknet=0.000000 | train_loss_lambda=0.000000 | lr=0.00001000
2026-05-14 11:00:54 | INFO | master | Epoch 14 | batch 2100/3402 | train_loss=0.957085 | train_loss_pointwise=0.957085 | train_loss_ranknet=0.000000 | train_loss_lambda=0.000000 | lr=0.00001000
2026-05-14 11:00:58 | INFO | master | Epoch 14 | batch 2200/3402 | train_loss=0.930440 | train_loss_pointwise=0.930440 | train_loss_ranknet=0.000000 | train_loss_lambda=0.000000 | lr=0.00001000
2026-05-14 11:01:03 | INFO | master | Epoch 14 | batch 2300/3402 | train_loss=0.937287 | train_loss_pointwise=0.937287 | train_loss_ranknet=0.000000 | train_loss_lambda=0.000000 | lr=0.00001000
2026-05-14 11:01:07 | INFO | master | Epoch 14 | batch 2400/3402 | train_loss=0.996162 | train_loss_pointwise=0.996162 | train_loss_ranknet=0.000000 | train_loss_lambda=0.000000 | lr=0.00001000
2026-05-14 11:01:11 | INFO | master | Epoch 14 | batch 2500/3402 | train_loss=1.005143 | train_loss_pointwise=1.005143 | train_loss_ranknet=0.000000 | train_loss_lambda=0.000000 | lr=0.00001000
2026-05-14 11:01:16 | INFO | master | Epoch 14 | batch 2600/3402 | train_loss=1.126395 | train_loss_pointwise=1.126395 | train_loss_ranknet=0.000000 | train_loss_lambda=0.000000 | lr=0.00001000
2026-05-14 11:01:20 | INFO | master | Epoch 14 | batch 2700/3402 | train_loss=1.045924 | train_loss_pointwise=1.045924 | train_loss_ranknet=0.000000 | train_loss_lambda=0.000000 | lr=0.00001000
2026-05-14 11:01:24 | INFO | master | Epoch 14 | batch 2800/3402 | train_loss=0.915034 | train_loss_pointwise=0.915034 | train_loss_ranknet=0.000000 | train_loss_lambda=0.000000 | lr=0.00001000
2026-05-14 11:01:29 | INFO | master | Epoch 14 | batch 2900/3402 | train_loss=0.944530 | train_loss_pointwise=0.944530 | train_loss_ranknet=0.000000 | train_loss_lambda=0.000000 | lr=0.00001000
2026-05-14 11:01:33 | INFO | master | Epoch 14 | batch 3000/3402 | train_loss=1.005812 | train_loss_pointwise=1.005812 | train_loss_ranknet=0.000000 | train_loss_lambda=0.000000 | lr=0.00001000
2026-05-14 11:01:37 | INFO | master | Epoch 14 | batch 3100/3402 | train_loss=0.999178 | train_loss_pointwise=0.999178 | train_loss_ranknet=0.000000 | train_loss_lambda=0.000000 | lr=0.00001000
2026-05-14 11:01:41 | INFO | master | Epoch 14 | batch 3200/3402 | train_loss=0.976503 | train_loss_pointwise=0.976503 | train_loss_ranknet=0.000000 | train_loss_lambda=0.000000 | lr=0.00001000
2026-05-14 11:01:45 | INFO | master | Epoch 14 | batch 3300/3402 | train_loss=0.962524 | train_loss_pointwise=0.962524 | train_loss_ranknet=0.000000 | train_loss_lambda=0.000000 | lr=0.00001000
2026-05-14 11:01:50 | INFO | master | Epoch 14 | batch 3400/3402 | train_loss=1.006601 | train_loss_pointwise=1.006601 | train_loss_ranknet=0.000000 | train_loss_lambda=0.000000 | lr=0.00001000
2026-05-14 11:01:50 | INFO | master | Epoch 14 | batch 3402/3402 | train_loss=1.030573 | train_loss_pointwise=1.030573 | train_loss_ranknet=0.000000 | train_loss_lambda=0.000000 | lr=0.00001000
2026-05-14 11:02:03 | INFO | master | Epoch 14 | train_loss=0.964455 | valid_loss=0.997732 | valid_loss_pointwise=0.997732 | valid_loss_ranknet=0.000000 | valid_loss_lambda=0.000000 | monitor=rank_ic=0.066599 | early_stop_bad_epochs=1/10 | R2=-0.000113 | IC=0.068272 | ICIR=0.454687 | RIC=0.066599 | RICIR=0.442864 | samples=143608.000000 | total_trading_days=479.000000 | NDCG@30=0.395864 | NDCGIR@30=3.415384 | PORTFOLIO_NDCG_HARD@30=0.403102 | PORTFOLIO_NDCG_HARDIR@30=3.660299 | PORTFOLIO_NDCG_SOFT@30=0.406535 | PORTFOLIO_NDCG_SOFTIR@30=3.754690 | TOPK_OVERLAP@5=0.023382 | TOPK_OVERLAPIR@5=0.331843 | TOPK_OVERLAP@10=0.039875 | TOPK_OVERLAPIR@10=0.548837 | TOPK_OVERLAP@20=0.079332 | TOPK_OVERLAPIR@20=0.997394 | TOPK_OVERLAP@30=0.113848 | TOPK_OVERLAPIR@30=1.411566 | TOPK_OVERLAP@40=0.148069 | TOPK_OVERLAPIR@40=1.729399 | TOPK_OVERLAP@50=0.185720 | TOPK_OVERLAPIR@50=2.128159
2026-05-14 11:02:08 | INFO | master | Epoch 15 | batch 100/3402 | train_loss=0.972696 | train_loss_pointwise=0.972696 | train_loss_ranknet=0.000000 | train_loss_lambda=0.000000 | lr=0.00001000
2026-05-14 11:02:12 | INFO | master | Epoch 15 | batch 200/3402 | train_loss=0.798429 | train_loss_pointwise=0.798429 | train_loss_ranknet=0.000000 | train_loss_lambda=0.000000 | lr=0.00001000
2026-05-14 11:02:17 | INFO | master | Epoch 15 | batch 300/3402 | train_loss=1.030234 | train_loss_pointwise=1.030234 | train_loss_ranknet=0.000000 | train_loss_lambda=0.000000 | lr=0.00001000
2026-05-14 11:02:20 | INFO | master | Epoch 15 | batch 400/3402 | train_loss=0.938703 | train_loss_pointwise=0.938703 | train_loss_ranknet=0.000000 | train_loss_lambda=0.000000 | lr=0.00001000
2026-05-14 11:02:23 | INFO | master | Epoch 15 | batch 500/3402 | train_loss=0.978469 | train_loss_pointwise=0.978469 | train_loss_ranknet=0.000000 | train_loss_lambda=0.000000 | lr=0.00001000
2026-05-14 11:02:26 | INFO | master | Epoch 15 | batch 600/3402 | train_loss=1.039564 | train_loss_pointwise=1.039564 | train_loss_ranknet=0.000000 | train_loss_lambda=0.000000 | lr=0.00001000
2026-05-14 11:02:29 | INFO | master | Epoch 15 | batch 700/3402 | train_loss=1.025182 | train_loss_pointwise=1.025182 | train_loss_ranknet=0.000000 | train_loss_lambda=0.000000 | lr=0.00001000
2026-05-14 11:02:32 | INFO | master | Epoch 15 | batch 800/3402 | train_loss=0.888342 | train_loss_pointwise=0.888342 | train_loss_ranknet=0.000000 | train_loss_lambda=0.000000 | lr=0.00001000
2026-05-14 11:02:35 | INFO | master | Epoch 15 | batch 900/3402 | train_loss=1.034340 | train_loss_pointwise=1.034340 | train_loss_ranknet=0.000000 | train_loss_lambda=0.000000 | lr=0.00001000
2026-05-14 11:02:38 | INFO | master | Epoch 15 | batch 1000/3402 | train_loss=0.951721 | train_loss_pointwise=0.951721 | train_loss_ranknet=0.000000 | train_loss_lambda=0.000000 | lr=0.00001000
2026-05-14 11:02:41 | INFO | master | Epoch 15 | batch 1100/3402 | train_loss=0.983293 | train_loss_pointwise=0.983293 | train_loss_ranknet=0.000000 | train_loss_lambda=0.000000 | lr=0.00001000
2026-05-14 11:02:44 | INFO | master | Epoch 15 | batch 1200/3402 | train_loss=0.944358 | train_loss_pointwise=0.944358 | train_loss_ranknet=0.000000 | train_loss_lambda=0.000000 | lr=0.00001000
2026-05-14 11:02:47 | INFO | master | Epoch 15 | batch 1300/3402 | train_loss=0.981866 | train_loss_pointwise=0.981866 | train_loss_ranknet=0.000000 | train_loss_lambda=0.000000 | lr=0.00001000
2026-05-14 11:02:49 | INFO | master | Epoch 15 | batch 1400/3402 | train_loss=0.863791 | train_loss_pointwise=0.863791 | train_loss_ranknet=0.000000 | train_loss_lambda=0.000000 | lr=0.00001000
2026-05-14 11:02:52 | INFO | master | Epoch 15 | batch 1500/3402 | train_loss=0.964931 | train_loss_pointwise=0.964931 | train_loss_ranknet=0.000000 | train_loss_lambda=0.000000 | lr=0.00001000
2026-05-14 11:02:55 | INFO | master | Epoch 15 | batch 1600/3402 | train_loss=0.955443 | train_loss_pointwise=0.955443 | train_loss_ranknet=0.000000 | train_loss_lambda=0.000000 | lr=0.00001000
2026-05-14 11:02:59 | INFO | master | Epoch 15 | batch 1700/3402 | train_loss=0.970998 | train_loss_pointwise=0.970998 | train_loss_ranknet=0.000000 | train_loss_lambda=0.000000 | lr=0.00001000
2026-05-14 11:03:02 | INFO | master | Epoch 15 | batch 1800/3402 | train_loss=1.025237 | train_loss_pointwise=1.025237 | train_loss_ranknet=0.000000 | train_loss_lambda=0.000000 | lr=0.00001000
2026-05-14 11:03:05 | INFO | master | Epoch 15 | batch 1900/3402 | train_loss=0.966043 | train_loss_pointwise=0.966043 | train_loss_ranknet=0.000000 | train_loss_lambda=0.000000 | lr=0.00001000
2026-05-14 11:03:09 | INFO | master | Epoch 15 | batch 2000/3402 | train_loss=0.777576 | train_loss_pointwise=0.777576 | train_loss_ranknet=0.000000 | train_loss_lambda=0.000000 | lr=0.00001000
2026-05-14 11:03:15 | INFO | master | Epoch 15 | batch 2100/3402 | train_loss=1.023342 | train_loss_pointwise=1.023342 | train_loss_ranknet=0.000000 | train_loss_lambda=0.000000 | lr=0.00001000
2026-05-14 11:03:22 | INFO | master | Epoch 15 | batch 2200/3402 | train_loss=0.954170 | train_loss_pointwise=0.954170 | train_loss_ranknet=0.000000 | train_loss_lambda=0.000000 | lr=0.00001000
2026-05-14 11:03:25 | INFO | master | Epoch 15 | batch 2300/3402 | train_loss=0.967399 | train_loss_pointwise=0.967399 | train_loss_ranknet=0.000000 | train_loss_lambda=0.000000 | lr=0.00001000
2026-05-14 11:03:27 | INFO | master | Epoch 15 | batch 2400/3402 | train_loss=1.054960 | train_loss_pointwise=1.054960 | train_loss_ranknet=0.000000 | train_loss_lambda=0.000000 | lr=0.00001000
2026-05-14 11:03:30 | INFO | master | Epoch 15 | batch 2500/3402 | train_loss=0.973264 | train_loss_pointwise=0.973264 | train_loss_ranknet=0.000000 | train_loss_lambda=0.000000 | lr=0.00001000
2026-05-14 11:03:33 | INFO | master | Epoch 15 | batch 2600/3402 | train_loss=1.078552 | train_loss_pointwise=1.078552 | train_loss_ranknet=0.000000 | train_loss_lambda=0.000000 | lr=0.00001000
2026-05-14 11:03:36 | INFO | master | Epoch 15 | batch 2700/3402 | train_loss=0.978343 | train_loss_pointwise=0.978343 | train_loss_ranknet=0.000000 | train_loss_lambda=0.000000 | lr=0.00001000
2026-05-14 11:03:39 | INFO | master | Epoch 15 | batch 2800/3402 | train_loss=0.987248 | train_loss_pointwise=0.987248 | train_loss_ranknet=0.000000 | train_loss_lambda=0.000000 | lr=0.00001000
2026-05-14 11:03:43 | INFO | master | Epoch 15 | batch 2900/3402 | train_loss=0.951032 | train_loss_pointwise=0.951032 | train_loss_ranknet=0.000000 | train_loss_lambda=0.000000 | lr=0.00001000
2026-05-14 11:03:47 | INFO | master | Epoch 15 | batch 3000/3402 | train_loss=0.963083 | train_loss_pointwise=0.963083 | train_loss_ranknet=0.000000 | train_loss_lambda=0.000000 | lr=0.00001000
2026-05-14 11:03:50 | INFO | master | Epoch 15 | batch 3100/3402 | train_loss=0.950513 | train_loss_pointwise=0.950513 | train_loss_ranknet=0.000000 | train_loss_lambda=0.000000 | lr=0.00001000
2026-05-14 11:03:52 | INFO | master | Epoch 15 | batch 3200/3402 | train_loss=1.017562 | train_loss_pointwise=1.017562 | train_loss_ranknet=0.000000 | train_loss_lambda=0.000000 | lr=0.00001000
2026-05-14 11:03:55 | INFO | master | Epoch 15 | batch 3300/3402 | train_loss=0.918187 | train_loss_pointwise=0.918187 | train_loss_ranknet=0.000000 | train_loss_lambda=0.000000 | lr=0.00001000
2026-05-14 11:03:59 | INFO | master | Epoch 15 | batch 3400/3402 | train_loss=0.856586 | train_loss_pointwise=0.856586 | train_loss_ranknet=0.000000 | train_loss_lambda=0.000000 | lr=0.00001000
2026-05-14 11:03:59 | INFO | master | Epoch 15 | batch 3402/3402 | train_loss=0.907294 | train_loss_pointwise=0.907294 | train_loss_ranknet=0.000000 | train_loss_lambda=0.000000 | lr=0.00001000
2026-05-14 11:04:06 | INFO | master | Epoch 15 | train_loss=0.963093 | valid_loss=0.995757 | valid_loss_pointwise=0.995757 | valid_loss_ranknet=0.000000 | valid_loss_lambda=0.000000 | monitor=rank_ic=0.077715 | early_stop_bad_epochs=2/10 | R2=0.001866 | IC=0.079263 | ICIR=0.573211 | RIC=0.077715 | RICIR=0.564637 | samples=143608.000000 | total_trading_days=479.000000 | NDCG@30=0.387979 | NDCGIR@30=3.753084 | PORTFOLIO_NDCG_HARD@30=0.395520 | PORTFOLIO_NDCG_HARDIR@30=4.077289 | PORTFOLIO_NDCG_SOFT@30=0.399096 | PORTFOLIO_NDCG_SOFTIR@30=4.185868 | TOPK_OVERLAP@5=0.011273 | TOPK_OVERLAPIR@5=0.244406 | TOPK_OVERLAP@10=0.022756 | TOPK_OVERLAPIR@10=0.446894 | TOPK_OVERLAP@20=0.055324 | TOPK_OVERLAPIR@20=0.906546 | TOPK_OVERLAP@30=0.087196 | TOPK_OVERLAPIR@30=1.340028 | TOPK_OVERLAP@40=0.123956 | TOPK_OVERLAPIR@40=1.777011 | TOPK_OVERLAP@50=0.161670 | TOPK_OVERLAPIR@50=2.167098
2026-05-14 11:04:10 | INFO | master | Epoch 16 | batch 100/3402 | train_loss=1.064570 | train_loss_pointwise=1.064570 | train_loss_ranknet=0.000000 | train_loss_lambda=0.000000 | lr=0.00001000
2026-05-14 11:04:13 | INFO | master | Epoch 16 | batch 200/3402 | train_loss=0.951332 | train_loss_pointwise=0.951332 | train_loss_ranknet=0.000000 | train_loss_lambda=0.000000 | lr=0.00001000
2026-05-14 11:04:15 | INFO | master | Epoch 16 | batch 300/3402 | train_loss=0.999648 | train_loss_pointwise=0.999648 | train_loss_ranknet=0.000000 | train_loss_lambda=0.000000 | lr=0.00001000
2026-05-14 11:04:18 | INFO | master | Epoch 16 | batch 400/3402 | train_loss=0.908909 | train_loss_pointwise=0.908909 | train_loss_ranknet=0.000000 | train_loss_lambda=0.000000 | lr=0.00001000
2026-05-14 11:04:21 | INFO | master | Epoch 16 | batch 500/3402 | train_loss=0.934616 | train_loss_pointwise=0.934616 | train_loss_ranknet=0.000000 | train_loss_lambda=0.000000 | lr=0.00001000
2026-05-14 11:04:24 | INFO | master | Epoch 16 | batch 600/3402 | train_loss=0.951377 | train_loss_pointwise=0.951377 | train_loss_ranknet=0.000000 | train_loss_lambda=0.000000 | lr=0.00001000
2026-05-14 11:04:27 | INFO | master | Epoch 16 | batch 700/3402 | train_loss=0.931087 | train_loss_pointwise=0.931087 | train_loss_ranknet=0.000000 | train_loss_lambda=0.000000 | lr=0.00001000
2026-05-14 11:04:30 | INFO | master | Epoch 16 | batch 800/3402 | train_loss=0.970180 | train_loss_pointwise=0.970180 | train_loss_ranknet=0.000000 | train_loss_lambda=0.000000 | lr=0.00001000
2026-05-14 11:04:33 | INFO | master | Epoch 16 | batch 900/3402 | train_loss=1.012907 | train_loss_pointwise=1.012907 | train_loss_ranknet=0.000000 | train_loss_lambda=0.000000 | lr=0.00001000
2026-05-14 11:04:36 | INFO | master | Epoch 16 | batch 1000/3402 | train_loss=0.978327 | train_loss_pointwise=0.978327 | train_loss_ranknet=0.000000 | train_loss_lambda=0.000000 | lr=0.00001000
2026-05-14 11:04:39 | INFO | master | Epoch 16 | batch 1100/3402 | train_loss=0.999406 | train_loss_pointwise=0.999406 | train_loss_ranknet=0.000000 | train_loss_lambda=0.000000 | lr=0.00001000
2026-05-14 11:04:42 | INFO | master | Epoch 16 | batch 1200/3402 | train_loss=1.009738 | train_loss_pointwise=1.009738 | train_loss_ranknet=0.000000 | train_loss_lambda=0.000000 | lr=0.00001000
2026-05-14 11:04:45 | INFO | master | Epoch 16 | batch 1300/3402 | train_loss=0.847520 | train_loss_pointwise=0.847520 | train_loss_ranknet=0.000000 | train_loss_lambda=0.000000 | lr=0.00001000
2026-05-14 11:04:48 | INFO | master | Epoch 16 | batch 1400/3402 | train_loss=0.974523 | train_loss_pointwise=0.974523 | train_loss_ranknet=0.000000 | train_loss_lambda=0.000000 | lr=0.00001000
2026-05-14 11:04:51 | INFO | master | Epoch 16 | batch 1500/3402 | train_loss=0.956530 | train_loss_pointwise=0.956530 | train_loss_ranknet=0.000000 | train_loss_lambda=0.000000 | lr=0.00001000
2026-05-14 11:04:54 | INFO | master | Epoch 16 | batch 1600/3402 | train_loss=1.084205 | train_loss_pointwise=1.084205 | train_loss_ranknet=0.000000 | train_loss_lambda=0.000000 | lr=0.00001000
2026-05-14 11:04:56 | INFO | master | Epoch 16 | batch 1700/3402 | train_loss=0.987093 | train_loss_pointwise=0.987093 | train_loss_ranknet=0.000000 | train_loss_lambda=0.000000 | lr=0.00001000
2026-05-14 11:04:59 | INFO | master | Epoch 16 | batch 1800/3402 | train_loss=1.012990 | train_loss_pointwise=1.012990 | train_loss_ranknet=0.000000 | train_loss_lambda=0.000000 | lr=0.00001000
2026-05-14 11:05:02 | INFO | master | Epoch 16 | batch 1900/3402 | train_loss=0.984556 | train_loss_pointwise=0.984556 | train_loss_ranknet=0.000000 | train_loss_lambda=0.000000 | lr=0.00001000
2026-05-14 11:05:05 | INFO | master | Epoch 16 | batch 2000/3402 | train_loss=0.935390 | train_loss_pointwise=0.935390 | train_loss_ranknet=0.000000 | train_loss_lambda=0.000000 | lr=0.00001000
2026-05-14 11:05:08 | INFO | master | Epoch 16 | batch 2100/3402 | train_loss=0.918218 | train_loss_pointwise=0.918218 | train_loss_ranknet=0.000000 | train_loss_lambda=0.000000 | lr=0.00001000
2026-05-14 11:05:11 | INFO | master | Epoch 16 | batch 2200/3402 | train_loss=1.064770 | train_loss_pointwise=1.064770 | train_loss_ranknet=0.000000 | train_loss_lambda=0.000000 | lr=0.00001000
2026-05-14 11:05:14 | INFO | master | Epoch 16 | batch 2300/3402 | train_loss=0.931840 | train_loss_pointwise=0.931840 | train_loss_ranknet=0.000000 | train_loss_lambda=0.000000 | lr=0.00001000
2026-05-14 11:05:17 | INFO | master | Epoch 16 | batch 2400/3402 | train_loss=0.979552 | train_loss_pointwise=0.979552 | train_loss_ranknet=0.000000 | train_loss_lambda=0.000000 | lr=0.00001000
2026-05-14 11:05:20 | INFO | master | Epoch 16 | batch 2500/3402 | train_loss=0.964224 | train_loss_pointwise=0.964224 | train_loss_ranknet=0.000000 | train_loss_lambda=0.000000 | lr=0.00001000
2026-05-14 11:05:23 | INFO | master | Epoch 16 | batch 2600/3402 | train_loss=1.020490 | train_loss_pointwise=1.020490 | train_loss_ranknet=0.000000 | train_loss_lambda=0.000000 | lr=0.00001000
2026-05-14 11:05:26 | INFO | master | Epoch 16 | batch 2700/3402 | train_loss=0.927733 | train_loss_pointwise=0.927733 | train_loss_ranknet=0.000000 | train_loss_lambda=0.000000 | lr=0.00001000
2026-05-14 11:05:29 | INFO | master | Epoch 16 | batch 2800/3402 | train_loss=1.087172 | train_loss_pointwise=1.087172 | train_loss_ranknet=0.000000 | train_loss_lambda=0.000000 | lr=0.00001000
2026-05-14 11:05:31 | INFO | master | Epoch 16 | batch 2900/3402 | train_loss=1.008985 | train_loss_pointwise=1.008985 | train_loss_ranknet=0.000000 | train_loss_lambda=0.000000 | lr=0.00001000
2026-05-14 11:05:34 | INFO | master | Epoch 16 | batch 3000/3402 | train_loss=0.840121 | train_loss_pointwise=0.840121 | train_loss_ranknet=0.000000 | train_loss_lambda=0.000000 | lr=0.00001000
2026-05-14 11:05:37 | INFO | master | Epoch 16 | batch 3100/3402 | train_loss=1.088158 | train_loss_pointwise=1.088158 | train_loss_ranknet=0.000000 | train_loss_lambda=0.000000 | lr=0.00001000
2026-05-14 11:05:40 | INFO | master | Epoch 16 | batch 3200/3402 | train_loss=0.983709 | train_loss_pointwise=0.983709 | train_loss_ranknet=0.000000 | train_loss_lambda=0.000000 | lr=0.00001000
2026-05-14 11:05:43 | INFO | master | Epoch 16 | batch 3300/3402 | train_loss=1.029158 | train_loss_pointwise=1.029158 | train_loss_ranknet=0.000000 | train_loss_lambda=0.000000 | lr=0.00001000
2026-05-14 11:05:46 | INFO | master | Epoch 16 | batch 3400/3402 | train_loss=0.860977 | train_loss_pointwise=0.860977 | train_loss_ranknet=0.000000 | train_loss_lambda=0.000000 | lr=0.00001000
2026-05-14 11:05:46 | INFO | master | Epoch 16 | batch 3402/3402 | train_loss=0.938621 | train_loss_pointwise=0.938621 | train_loss_ranknet=0.000000 | train_loss_lambda=0.000000 | lr=0.00001000
2026-05-14 11:05:54 | INFO | master | Epoch 16 | train_loss=0.961081 | valid_loss=0.998499 | valid_loss_pointwise=0.998499 | valid_loss_ranknet=0.000000 | valid_loss_lambda=0.000000 | monitor=rank_ic=0.068970 | early_stop_bad_epochs=3/10 | R2=-0.000882 | IC=0.070893 | ICIR=0.474056 | RIC=0.068970 | RICIR=0.459425 | samples=143608.000000 | total_trading_days=479.000000 | NDCG@30=0.389467 | NDCGIR@30=3.643184 | PORTFOLIO_NDCG_HARD@30=0.396179 | PORTFOLIO_NDCG_HARDIR@30=3.904959 | PORTFOLIO_NDCG_SOFT@30=0.399822 | PORTFOLIO_NDCG_SOFTIR@30=4.006433 | TOPK_OVERLAP@5=0.016284 | TOPK_OVERLAPIR@5=0.275538 | TOPK_OVERLAP@10=0.033403 | TOPK_OVERLAPIR@10=0.529592 | TOPK_OVERLAP@20=0.066075 | TOPK_OVERLAPIR@20=0.968132 | TOPK_OVERLAP@30=0.098956 | TOPK_OVERLAPIR@30=1.395241 | TOPK_OVERLAP@40=0.134238 | TOPK_OVERLAPIR@40=1.830503 | TOPK_OVERLAP@50=0.171524 | TOPK_OVERLAPIR@50=2.224299
2026-05-14 11:05:57 | INFO | master | Epoch 17 | batch 100/3402 | train_loss=0.868748 | train_loss_pointwise=0.868748 | train_loss_ranknet=0.000000 | train_loss_lambda=0.000000 | lr=0.00001000
2026-05-14 11:06:00 | INFO | master | Epoch 17 | batch 200/3402 | train_loss=1.006471 | train_loss_pointwise=1.006471 | train_loss_ranknet=0.000000 | train_loss_lambda=0.000000 | lr=0.00001000
2026-05-14 11:06:02 | INFO | master | Epoch 17 | batch 300/3402 | train_loss=0.930571 | train_loss_pointwise=0.930571 | train_loss_ranknet=0.000000 | train_loss_lambda=0.000000 | lr=0.00001000
2026-05-14 11:06:05 | INFO | master | Epoch 17 | batch 400/3402 | train_loss=1.021433 | train_loss_pointwise=1.021433 | train_loss_ranknet=0.000000 | train_loss_lambda=0.000000 | lr=0.00001000
2026-05-14 11:06:09 | INFO | master | Epoch 17 | batch 500/3402 | train_loss=0.950678 | train_loss_pointwise=0.950678 | train_loss_ranknet=0.000000 | train_loss_lambda=0.000000 | lr=0.00001000
2026-05-14 11:06:12 | INFO | master | Epoch 17 | batch 600/3402 | train_loss=1.025496 | train_loss_pointwise=1.025496 | train_loss_ranknet=0.000000 | train_loss_lambda=0.000000 | lr=0.00001000
2026-05-14 11:06:15 | INFO | master | Epoch 17 | batch 700/3402 | train_loss=0.977331 | train_loss_pointwise=0.977331 | train_loss_ranknet=0.000000 | train_loss_lambda=0.000000 | lr=0.00001000
2026-05-14 11:06:18 | INFO | master | Epoch 17 | batch 800/3402 | train_loss=0.909025 | train_loss_pointwise=0.909025 | train_loss_ranknet=0.000000 | train_loss_lambda=0.000000 | lr=0.00001000
2026-05-14 11:06:21 | INFO | master | Epoch 17 | batch 900/3402 | train_loss=0.948290 | train_loss_pointwise=0.948290 | train_loss_ranknet=0.000000 | train_loss_lambda=0.000000 | lr=0.00001000
2026-05-14 11:06:24 | INFO | master | Epoch 17 | batch 1000/3402 | train_loss=0.999159 | train_loss_pointwise=0.999159 | train_loss_ranknet=0.000000 | train_loss_lambda=0.000000 | lr=0.00001000
2026-05-14 11:06:27 | INFO | master | Epoch 17 | batch 1100/3402 | train_loss=1.047505 | train_loss_pointwise=1.047505 | train_loss_ranknet=0.000000 | train_loss_lambda=0.000000 | lr=0.00001000
2026-05-14 11:06:30 | INFO | master | Epoch 17 | batch 1200/3402 | train_loss=0.856163 | train_loss_pointwise=0.856163 | train_loss_ranknet=0.000000 | train_loss_lambda=0.000000 | lr=0.00001000
2026-05-14 11:06:33 | INFO | master | Epoch 17 | batch 1300/3402 | train_loss=1.016093 | train_loss_pointwise=1.016093 | train_loss_ranknet=0.000000 | train_loss_lambda=0.000000 | lr=0.00001000
2026-05-14 11:06:36 | INFO | master | Epoch 17 | batch 1400/3402 | train_loss=0.871865 | train_loss_pointwise=0.871865 | train_loss_ranknet=0.000000 | train_loss_lambda=0.000000 | lr=0.00001000
2026-05-14 11:06:39 | INFO | master | Epoch 17 | batch 1500/3402 | train_loss=1.012908 | train_loss_pointwise=1.012908 | train_loss_ranknet=0.000000 | train_loss_lambda=0.000000 | lr=0.00001000
2026-05-14 11:06:42 | INFO | master | Epoch 17 | batch 1600/3402 | train_loss=1.003195 | train_loss_pointwise=1.003195 | train_loss_ranknet=0.000000 | train_loss_lambda=0.000000 | lr=0.00001000
2026-05-14 11:06:45 | INFO | master | Epoch 17 | batch 1700/3402 | train_loss=0.903068 | train_loss_pointwise=0.903068 | train_loss_ranknet=0.000000 | train_loss_lambda=0.000000 | lr=0.00001000
2026-05-14 11:06:48 | INFO | master | Epoch 17 | batch 1800/3402 | train_loss=0.801771 | train_loss_pointwise=0.801771 | train_loss_ranknet=0.000000 | train_loss_lambda=0.000000 | lr=0.00001000
2026-05-14 11:06:51 | INFO | master | Epoch 17 | batch 1900/3402 | train_loss=0.967344 | train_loss_pointwise=0.967344 | train_loss_ranknet=0.000000 | train_loss_lambda=0.000000 | lr=0.00001000
2026-05-14 11:06:54 | INFO | master | Epoch 17 | batch 2000/3402 | train_loss=0.940041 | train_loss_pointwise=0.940041 | train_loss_ranknet=0.000000 | train_loss_lambda=0.000000 | lr=0.00001000
2026-05-14 11:06:57 | INFO | master | Epoch 17 | batch 2100/3402 | train_loss=0.884023 | train_loss_pointwise=0.884023 | train_loss_ranknet=0.000000 | train_loss_lambda=0.000000 | lr=0.00001000
2026-05-14 11:07:00 | INFO | master | Epoch 17 | batch 2200/3402 | train_loss=0.892780 | train_loss_pointwise=0.892780 | train_loss_ranknet=0.000000 | train_loss_lambda=0.000000 | lr=0.00001000
2026-05-14 11:07:03 | INFO | master | Epoch 17 | batch 2300/3402 | train_loss=0.914526 | train_loss_pointwise=0.914526 | train_loss_ranknet=0.000000 | train_loss_lambda=0.000000 | lr=0.00001000
2026-05-14 11:07:06 | INFO | master | Epoch 17 | batch 2400/3402 | train_loss=0.775641 | train_loss_pointwise=0.775641 | train_loss_ranknet=0.000000 | train_loss_lambda=0.000000 | lr=0.00001000
2026-05-14 11:07:09 | INFO | master | Epoch 17 | batch 2500/3402 | train_loss=0.972674 | train_loss_pointwise=0.972674 | train_loss_ranknet=0.000000 | train_loss_lambda=0.000000 | lr=0.00001000
2026-05-14 11:07:12 | INFO | master | Epoch 17 | batch 2600/3402 | train_loss=0.984440 | train_loss_pointwise=0.984440 | train_loss_ranknet=0.000000 | train_loss_lambda=0.000000 | lr=0.00001000
2026-05-14 11:07:14 | INFO | master | Epoch 17 | batch 2700/3402 | train_loss=1.030187 | train_loss_pointwise=1.030187 | train_loss_ranknet=0.000000 | train_loss_lambda=0.000000 | lr=0.00001000
2026-05-14 11:07:17 | INFO | master | Epoch 17 | batch 2800/3402 | train_loss=0.930346 | train_loss_pointwise=0.930346 | train_loss_ranknet=0.000000 | train_loss_lambda=0.000000 | lr=0.00001000
2026-05-14 11:07:20 | INFO | master | Epoch 17 | batch 2900/3402 | train_loss=0.884643 | train_loss_pointwise=0.884643 | train_loss_ranknet=0.000000 | train_loss_lambda=0.000000 | lr=0.00001000
2026-05-14 11:07:23 | INFO | master | Epoch 17 | batch 3000/3402 | train_loss=0.826514 | train_loss_pointwise=0.826514 | train_loss_ranknet=0.000000 | train_loss_lambda=0.000000 | lr=0.00001000
2026-05-14 11:07:26 | INFO | master | Epoch 17 | batch 3100/3402 | train_loss=0.991738 | train_loss_pointwise=0.991738 | train_loss_ranknet=0.000000 | train_loss_lambda=0.000000 | lr=0.00001000
2026-05-14 11:07:30 | INFO | master | Epoch 17 | batch 3200/3402 | train_loss=0.974423 | train_loss_pointwise=0.974423 | train_loss_ranknet=0.000000 | train_loss_lambda=0.000000 | lr=0.00001000
2026-05-14 11:07:33 | INFO | master | Epoch 17 | batch 3300/3402 | train_loss=0.920828 | train_loss_pointwise=0.920828 | train_loss_ranknet=0.000000 | train_loss_lambda=0.000000 | lr=0.00001000
2026-05-14 11:07:36 | INFO | master | Epoch 17 | batch 3400/3402 | train_loss=0.884603 | train_loss_pointwise=0.884603 | train_loss_ranknet=0.000000 | train_loss_lambda=0.000000 | lr=0.00001000
2026-05-14 11:07:36 | INFO | master | Epoch 17 | batch 3402/3402 | train_loss=1.003208 | train_loss_pointwise=1.003208 | train_loss_ranknet=0.000000 | train_loss_lambda=0.000000 | lr=0.00001000
2026-05-14 11:07:44 | INFO | master | Epoch 17 | train_loss=0.959130 | valid_loss=1.001140 | valid_loss_pointwise=1.001140 | valid_loss_ranknet=0.000000 | valid_loss_lambda=0.000000 | monitor=rank_ic=0.066108 | early_stop_bad_epochs=4/10 | R2=-0.003529 | IC=0.067958 | ICIR=0.481289 | RIC=0.066108 | RICIR=0.465896 | samples=143608.000000 | total_trading_days=479.000000 | NDCG@30=0.389932 | NDCGIR@30=3.781187 | PORTFOLIO_NDCG_HARD@30=0.397562 | PORTFOLIO_NDCG_HARDIR@30=4.036091 | PORTFOLIO_NDCG_SOFT@30=0.400998 | PORTFOLIO_NDCG_SOFTIR@30=4.141182 | TOPK_OVERLAP@5=0.020877 | TOPK_OVERLAPIR@5=0.320592 | TOPK_OVERLAP@10=0.033820 | TOPK_OVERLAPIR@10=0.543894 | TOPK_OVERLAP@20=0.065762 | TOPK_OVERLAPIR@20=0.968488 | TOPK_OVERLAP@30=0.102505 | TOPK_OVERLAPIR@30=1.405417 | TOPK_OVERLAP@40=0.137213 | TOPK_OVERLAPIR@40=1.834901 | TOPK_OVERLAP@50=0.172276 | TOPK_OVERLAPIR@50=2.226774
2026-05-14 11:07:47 | INFO | master | Epoch 18 | batch 100/3402 | train_loss=0.902820 | train_loss_pointwise=0.902820 | train_loss_ranknet=0.000000 | train_loss_lambda=0.000000 | lr=0.00001000
2026-05-14 11:07:50 | INFO | master | Epoch 18 | batch 200/3402 | train_loss=0.965562 | train_loss_pointwise=0.965562 | train_loss_ranknet=0.000000 | train_loss_lambda=0.000000 | lr=0.00001000
2026-05-14 11:07:53 | INFO | master | Epoch 18 | batch 300/3402 | train_loss=0.910393 | train_loss_pointwise=0.910393 | train_loss_ranknet=0.000000 | train_loss_lambda=0.000000 | lr=0.00001000
2026-05-14 11:07:56 | INFO | master | Epoch 18 | batch 400/3402 | train_loss=0.958277 | train_loss_pointwise=0.958277 | train_loss_ranknet=0.000000 | train_loss_lambda=0.000000 | lr=0.00001000
2026-05-14 11:07:59 | INFO | master | Epoch 18 | batch 500/3402 | train_loss=0.963551 | train_loss_pointwise=0.963551 | train_loss_ranknet=0.000000 | train_loss_lambda=0.000000 | lr=0.00001000
2026-05-14 11:08:02 | INFO | master | Epoch 18 | batch 600/3402 | train_loss=1.044546 | train_loss_pointwise=1.044546 | train_loss_ranknet=0.000000 | train_loss_lambda=0.000000 | lr=0.00001000
2026-05-14 11:08:05 | INFO | master | Epoch 18 | batch 700/3402 | train_loss=0.980562 | train_loss_pointwise=0.980562 | train_loss_ranknet=0.000000 | train_loss_lambda=0.000000 | lr=0.00001000
2026-05-14 11:08:08 | INFO | master | Epoch 18 | batch 800/3402 | train_loss=0.949595 | train_loss_pointwise=0.949595 | train_loss_ranknet=0.000000 | train_loss_lambda=0.000000 | lr=0.00001000
2026-05-14 11:08:11 | INFO | master | Epoch 18 | batch 900/3402 | train_loss=0.930197 | train_loss_pointwise=0.930197 | train_loss_ranknet=0.000000 | train_loss_lambda=0.000000 | lr=0.00001000
2026-05-14 11:08:14 | INFO | master | Epoch 18 | batch 1000/3402 | train_loss=0.963594 | train_loss_pointwise=0.963594 | train_loss_ranknet=0.000000 | train_loss_lambda=0.000000 | lr=0.00001000
2026-05-14 11:08:17 | INFO | master | Epoch 18 | batch 1100/3402 | train_loss=0.967445 | train_loss_pointwise=0.967445 | train_loss_ranknet=0.000000 | train_loss_lambda=0.000000 | lr=0.00001000
2026-05-14 11:08:20 | INFO | master | Epoch 18 | batch 1200/3402 | train_loss=0.994739 | train_loss_pointwise=0.994739 | train_loss_ranknet=0.000000 | train_loss_lambda=0.000000 | lr=0.00001000
2026-05-14 11:08:23 | INFO | master | Epoch 18 | batch 1300/3402 | train_loss=0.973415 | train_loss_pointwise=0.973415 | train_loss_ranknet=0.000000 | train_loss_lambda=0.000000 | lr=0.00001000
2026-05-14 11:08:26 | INFO | master | Epoch 18 | batch 1400/3402 | train_loss=0.967454 | train_loss_pointwise=0.967454 | train_loss_ranknet=0.000000 | train_loss_lambda=0.000000 | lr=0.00001000
2026-05-14 11:08:29 | INFO | master | Epoch 18 | batch 1500/3402 | train_loss=0.967412 | train_loss_pointwise=0.967412 | train_loss_ranknet=0.000000 | train_loss_lambda=0.000000 | lr=0.00001000
2026-05-14 11:08:33 | INFO | master | Epoch 18 | batch 1600/3402 | train_loss=0.992265 | train_loss_pointwise=0.992265 | train_loss_ranknet=0.000000 | train_loss_lambda=0.000000 | lr=0.00001000
2026-05-14 11:08:36 | INFO | master | Epoch 18 | batch 1700/3402 | train_loss=1.036909 | train_loss_pointwise=1.036909 | train_loss_ranknet=0.000000 | train_loss_lambda=0.000000 | lr=0.00001000
2026-05-14 11:08:39 | INFO | master | Epoch 18 | batch 1800/3402 | train_loss=0.961652 | train_loss_pointwise=0.961652 | train_loss_ranknet=0.000000 | train_loss_lambda=0.000000 | lr=0.00001000
2026-05-14 11:08:42 | INFO | master | Epoch 18 | batch 1900/3402 | train_loss=0.952674 | train_loss_pointwise=0.952674 | train_loss_ranknet=0.000000 | train_loss_lambda=0.000000 | lr=0.00001000
2026-05-14 11:08:45 | INFO | master | Epoch 18 | batch 2000/3402 | train_loss=1.034692 | train_loss_pointwise=1.034692 | train_loss_ranknet=0.000000 | train_loss_lambda=0.000000 | lr=0.00001000
2026-05-14 11:08:48 | INFO | master | Epoch 18 | batch 2100/3402 | train_loss=0.947608 | train_loss_pointwise=0.947608 | train_loss_ranknet=0.000000 | train_loss_lambda=0.000000 | lr=0.00001000
2026-05-14 11:08:51 | INFO | master | Epoch 18 | batch 2200/3402 | train_loss=1.027911 | train_loss_pointwise=1.027911 | train_loss_ranknet=0.000000 | train_loss_lambda=0.000000 | lr=0.00001000
2026-05-14 11:08:54 | INFO | master | Epoch 18 | batch 2300/3402 | train_loss=0.967522 | train_loss_pointwise=0.967522 | train_loss_ranknet=0.000000 | train_loss_lambda=0.000000 | lr=0.00001000
2026-05-14 11:08:57 | INFO | master | Epoch 18 | batch 2400/3402 | train_loss=1.019863 | train_loss_pointwise=1.019863 | train_loss_ranknet=0.000000 | train_loss_lambda=0.000000 | lr=0.00001000
2026-05-14 11:09:00 | INFO | master | Epoch 18 | batch 2500/3402 | train_loss=1.015806 | train_loss_pointwise=1.015806 | train_loss_ranknet=0.000000 | train_loss_lambda=0.000000 | lr=0.00001000
2026-05-14 11:09:03 | INFO | master | Epoch 18 | batch 2600/3402 | train_loss=0.940040 | train_loss_pointwise=0.940040 | train_loss_ranknet=0.000000 | train_loss_lambda=0.000000 | lr=0.00001000
2026-05-14 11:09:06 | INFO | master | Epoch 18 | batch 2700/3402 | train_loss=0.947725 | train_loss_pointwise=0.947725 | train_loss_ranknet=0.000000 | train_loss_lambda=0.000000 | lr=0.00001000
2026-05-14 11:09:09 | INFO | master | Epoch 18 | batch 2800/3402 | train_loss=1.094962 | train_loss_pointwise=1.094962 | train_loss_ranknet=0.000000 | train_loss_lambda=0.000000 | lr=0.00001000
2026-05-14 11:09:12 | INFO | master | Epoch 18 | batch 2900/3402 | train_loss=0.847262 | train_loss_pointwise=0.847262 | train_loss_ranknet=0.000000 | train_loss_lambda=0.000000 | lr=0.00001000
2026-05-14 11:09:15 | INFO | master | Epoch 18 | batch 3000/3402 | train_loss=0.987344 | train_loss_pointwise=0.987344 | train_loss_ranknet=0.000000 | train_loss_lambda=0.000000 | lr=0.00001000
2026-05-14 11:09:17 | INFO | master | Epoch 18 | batch 3100/3402 | train_loss=0.990599 | train_loss_pointwise=0.990599 | train_loss_ranknet=0.000000 | train_loss_lambda=0.000000 | lr=0.00001000
2026-05-14 11:09:20 | INFO | master | Epoch 18 | batch 3200/3402 | train_loss=0.883497 | train_loss_pointwise=0.883497 | train_loss_ranknet=0.000000 | train_loss_lambda=0.000000 | lr=0.00001000
2026-05-14 11:09:23 | INFO | master | Epoch 18 | batch 3300/3402 | train_loss=0.820728 | train_loss_pointwise=0.820728 | train_loss_ranknet=0.000000 | train_loss_lambda=0.000000 | lr=0.00001000
2026-05-14 11:09:26 | INFO | master | Epoch 18 | batch 3400/3402 | train_loss=0.872407 | train_loss_pointwise=0.872407 | train_loss_ranknet=0.000000 | train_loss_lambda=0.000000 | lr=0.00001000
2026-05-14 11:09:26 | INFO | master | Epoch 18 | batch 3402/3402 | train_loss=0.978731 | train_loss_pointwise=0.978731 | train_loss_ranknet=0.000000 | train_loss_lambda=0.000000 | lr=0.00001000
2026-05-14 11:09:34 | INFO | master | Epoch 18 | train_loss=0.957407 | valid_loss=1.003238 | valid_loss_pointwise=1.003238 | valid_loss_ranknet=0.000000 | valid_loss_lambda=0.000000 | monitor=rank_ic=0.059620 | early_stop_bad_epochs=5/10 | R2=-0.005633 | IC=0.062010 | ICIR=0.399240 | RIC=0.059620 | RICIR=0.382600 | samples=143608.000000 | total_trading_days=479.000000 | NDCG@30=0.388193 | NDCGIR@30=3.632161 | PORTFOLIO_NDCG_HARD@30=0.396160 | PORTFOLIO_NDCG_HARDIR@30=3.891897 | PORTFOLIO_NDCG_SOFT@30=0.399667 | PORTFOLIO_NDCG_SOFTIR@30=3.984863 | TOPK_OVERLAP@5=0.019624 | TOPK_OVERLAPIR@5=0.308717 | TOPK_OVERLAP@10=0.038413 | TOPK_OVERLAPIR@10=0.575619 | TOPK_OVERLAP@20=0.073591 | TOPK_OVERLAPIR@20=0.978663 | TOPK_OVERLAP@30=0.107794 | TOPK_OVERLAPIR@30=1.352145 | TOPK_OVERLAP@40=0.143528 | TOPK_OVERLAPIR@40=1.802030 | TOPK_OVERLAP@50=0.179081 | TOPK_OVERLAPIR@50=2.118992
2026-05-14 11:09:37 | INFO | master | Epoch 19 | batch 100/3402 | train_loss=1.016856 | train_loss_pointwise=1.016856 | train_loss_ranknet=0.000000 | train_loss_lambda=0.000000 | lr=0.00001000
2026-05-14 11:09:40 | INFO | master | Epoch 19 | batch 200/3402 | train_loss=0.978320 | train_loss_pointwise=0.978320 | train_loss_ranknet=0.000000 | train_loss_lambda=0.000000 | lr=0.00001000
2026-05-14 11:09:44 | INFO | master | Epoch 19 | batch 300/3402 | train_loss=0.874792 | train_loss_pointwise=0.874792 | train_loss_ranknet=0.000000 | train_loss_lambda=0.000000 | lr=0.00001000
2026-05-14 11:09:47 | INFO | master | Epoch 19 | batch 400/3402 | train_loss=0.808688 | train_loss_pointwise=0.808688 | train_loss_ranknet=0.000000 | train_loss_lambda=0.000000 | lr=0.00001000
2026-05-14 11:09:49 | INFO | master | Epoch 19 | batch 500/3402 | train_loss=0.952591 | train_loss_pointwise=0.952591 | train_loss_ranknet=0.000000 | train_loss_lambda=0.000000 | lr=0.00001000
2026-05-14 11:09:52 | INFO | master | Epoch 19 | batch 600/3402 | train_loss=1.005994 | train_loss_pointwise=1.005994 | train_loss_ranknet=0.000000 | train_loss_lambda=0.000000 | lr=0.00001000
2026-05-14 11:09:55 | INFO | master | Epoch 19 | batch 700/3402 | train_loss=0.958066 | train_loss_pointwise=0.958066 | train_loss_ranknet=0.000000 | train_loss_lambda=0.000000 | lr=0.00001000
2026-05-14 11:09:58 | INFO | master | Epoch 19 | batch 800/3402 | train_loss=0.942373 | train_loss_pointwise=0.942373 | train_loss_ranknet=0.000000 | train_loss_lambda=0.000000 | lr=0.00001000
2026-05-14 11:10:01 | INFO | master | Epoch 19 | batch 900/3402 | train_loss=0.854250 | train_loss_pointwise=0.854250 | train_loss_ranknet=0.000000 | train_loss_lambda=0.000000 | lr=0.00001000
2026-05-14 11:10:04 | INFO | master | Epoch 19 | batch 1000/3402 | train_loss=0.898987 | train_loss_pointwise=0.898987 | train_loss_ranknet=0.000000 | train_loss_lambda=0.000000 | lr=0.00001000
2026-05-14 11:10:07 | INFO | master | Epoch 19 | batch 1100/3402 | train_loss=1.017977 | train_loss_pointwise=1.017977 | train_loss_ranknet=0.000000 | train_loss_lambda=0.000000 | lr=0.00001000
2026-05-14 11:10:10 | INFO | master | Epoch 19 | batch 1200/3402 | train_loss=0.932026 | train_loss_pointwise=0.932026 | train_loss_ranknet=0.000000 | train_loss_lambda=0.000000 | lr=0.00001000
2026-05-14 11:10:13 | INFO | master | Epoch 19 | batch 1300/3402 | train_loss=1.016242 | train_loss_pointwise=1.016242 | train_loss_ranknet=0.000000 | train_loss_lambda=0.000000 | lr=0.00001000
2026-05-14 11:10:16 | INFO | master | Epoch 19 | batch 1400/3402 | train_loss=0.930911 | train_loss_pointwise=0.930911 | train_loss_ranknet=0.000000 | train_loss_lambda=0.000000 | lr=0.00001000
2026-05-14 11:10:19 | INFO | master | Epoch 19 | batch 1500/3402 | train_loss=0.927242 | train_loss_pointwise=0.927242 | train_loss_ranknet=0.000000 | train_loss_lambda=0.000000 | lr=0.00001000
2026-05-14 11:10:21 | INFO | master | Epoch 19 | batch 1600/3402 | train_loss=1.011677 | train_loss_pointwise=1.011677 | train_loss_ranknet=0.000000 | train_loss_lambda=0.000000 | lr=0.00001000
2026-05-14 11:10:24 | INFO | master | Epoch 19 | batch 1700/3402 | train_loss=0.989093 | train_loss_pointwise=0.989093 | train_loss_ranknet=0.000000 | train_loss_lambda=0.000000 | lr=0.00001000
2026-05-14 11:10:27 | INFO | master | Epoch 19 | batch 1800/3402 | train_loss=0.924745 | train_loss_pointwise=0.924745 | train_loss_ranknet=0.000000 | train_loss_lambda=0.000000 | lr=0.00001000
2026-05-14 11:10:30 | INFO | master | Epoch 19 | batch 1900/3402 | train_loss=0.930147 | train_loss_pointwise=0.930147 | train_loss_ranknet=0.000000 | train_loss_lambda=0.000000 | lr=0.00001000
2026-05-14 11:10:33 | INFO | master | Epoch 19 | batch 2000/3402 | train_loss=0.927240 | train_loss_pointwise=0.927240 | train_loss_ranknet=0.000000 | train_loss_lambda=0.000000 | lr=0.00001000
2026-05-14 11:10:35 | INFO | master | Epoch 19 | batch 2100/3402 | train_loss=0.924304 | train_loss_pointwise=0.924304 | train_loss_ranknet=0.000000 | train_loss_lambda=0.000000 | lr=0.00001000
2026-05-14 11:10:38 | INFO | master | Epoch 19 | batch 2200/3402 | train_loss=0.892366 | train_loss_pointwise=0.892366 | train_loss_ranknet=0.000000 | train_loss_lambda=0.000000 | lr=0.00001000
2026-05-14 11:10:41 | INFO | master | Epoch 19 | batch 2300/3402 | train_loss=0.956400 | train_loss_pointwise=0.956400 | train_loss_ranknet=0.000000 | train_loss_lambda=0.000000 | lr=0.00001000
2026-05-14 11:10:44 | INFO | master | Epoch 19 | batch 2400/3402 | train_loss=0.901421 | train_loss_pointwise=0.901421 | train_loss_ranknet=0.000000 | train_loss_lambda=0.000000 | lr=0.00001000
2026-05-14 11:10:47 | INFO | master | Epoch 19 | batch 2500/3402 | train_loss=1.013950 | train_loss_pointwise=1.013950 | train_loss_ranknet=0.000000 | train_loss_lambda=0.000000 | lr=0.00001000
2026-05-14 11:10:50 | INFO | master | Epoch 19 | batch 2600/3402 | train_loss=1.006506 | train_loss_pointwise=1.006506 | train_loss_ranknet=0.000000 | train_loss_lambda=0.000000 | lr=0.00001000
2026-05-14 11:10:53 | INFO | master | Epoch 19 | batch 2700/3402 | train_loss=0.869773 | train_loss_pointwise=0.869773 | train_loss_ranknet=0.000000 | train_loss_lambda=0.000000 | lr=0.00001000
2026-05-14 11:10:57 | INFO | master | Epoch 19 | batch 2800/3402 | train_loss=0.835025 | train_loss_pointwise=0.835025 | train_loss_ranknet=0.000000 | train_loss_lambda=0.000000 | lr=0.00001000
2026-05-14 11:11:00 | INFO | master | Epoch 19 | batch 2900/3402 | train_loss=0.929230 | train_loss_pointwise=0.929230 | train_loss_ranknet=0.000000 | train_loss_lambda=0.000000 | lr=0.00001000
2026-05-14 11:11:02 | INFO | master | Epoch 19 | batch 3000/3402 | train_loss=1.030169 | train_loss_pointwise=1.030169 | train_loss_ranknet=0.000000 | train_loss_lambda=0.000000 | lr=0.00001000
2026-05-14 11:11:05 | INFO | master | Epoch 19 | batch 3100/3402 | train_loss=0.957354 | train_loss_pointwise=0.957354 | train_loss_ranknet=0.000000 | train_loss_lambda=0.000000 | lr=0.00001000
2026-05-14 11:11:08 | INFO | master | Epoch 19 | batch 3200/3402 | train_loss=0.917160 | train_loss_pointwise=0.917160 | train_loss_ranknet=0.000000 | train_loss_lambda=0.000000 | lr=0.00001000
2026-05-14 11:11:11 | INFO | master | Epoch 19 | batch 3300/3402 | train_loss=0.879872 | train_loss_pointwise=0.879872 | train_loss_ranknet=0.000000 | train_loss_lambda=0.000000 | lr=0.00001000
2026-05-14 11:11:14 | INFO | master | Epoch 19 | batch 3400/3402 | train_loss=0.997362 | train_loss_pointwise=0.997362 | train_loss_ranknet=0.000000 | train_loss_lambda=0.000000 | lr=0.00001000
2026-05-14 11:11:14 | INFO | master | Epoch 19 | batch 3402/3402 | train_loss=0.970032 | train_loss_pointwise=0.970032 | train_loss_ranknet=0.000000 | train_loss_lambda=0.000000 | lr=0.00001000
2026-05-14 11:11:22 | INFO | master | Epoch 19 | train_loss=0.955111 | valid_loss=1.005117 | valid_loss_pointwise=1.005117 | valid_loss_ranknet=0.000000 | valid_loss_lambda=0.000000 | monitor=rank_ic=0.058933 | early_stop_bad_epochs=6/10 | R2=-0.007516 | IC=0.061528 | ICIR=0.391952 | RIC=0.058933 | RICIR=0.374591 | samples=143608.000000 | total_trading_days=479.000000 | NDCG@30=0.392777 | NDCGIR@30=3.507993 | PORTFOLIO_NDCG_HARD@30=0.397828 | PORTFOLIO_NDCG_HARDIR@30=3.724338 | PORTFOLIO_NDCG_SOFT@30=0.401148 | PORTFOLIO_NDCG_SOFTIR@30=3.816094 | TOPK_OVERLAP@5=0.024217 | TOPK_OVERLAPIR@5=0.345079 | TOPK_OVERLAP@10=0.039248 | TOPK_OVERLAPIR@10=0.554232 | TOPK_OVERLAP@20=0.077140 | TOPK_OVERLAPIR@20=0.974380 | TOPK_OVERLAP@30=0.110021 | TOPK_OVERLAPIR@30=1.334830 | TOPK_OVERLAP@40=0.145772 | TOPK_OVERLAPIR@40=1.723698 | TOPK_OVERLAP@50=0.179165 | TOPK_OVERLAPIR@50=2.083495
2026-05-14 11:11:25 | INFO | master | Epoch 20 | batch 100/3402 | train_loss=0.974178 | train_loss_pointwise=0.974178 | train_loss_ranknet=0.000000 | train_loss_lambda=0.000000 | lr=0.00001000
2026-05-14 11:11:28 | INFO | master | Epoch 20 | batch 200/3402 | train_loss=0.969445 | train_loss_pointwise=0.969445 | train_loss_ranknet=0.000000 | train_loss_lambda=0.000000 | lr=0.00001000
2026-05-14 11:11:31 | INFO | master | Epoch 20 | batch 300/3402 | train_loss=0.964841 | train_loss_pointwise=0.964841 | train_loss_ranknet=0.000000 | train_loss_lambda=0.000000 | lr=0.00001000
2026-05-14 11:11:34 | INFO | master | Epoch 20 | batch 400/3402 | train_loss=0.938410 | train_loss_pointwise=0.938410 | train_loss_ranknet=0.000000 | train_loss_lambda=0.000000 | lr=0.00001000
2026-05-14 11:11:37 | INFO | master | Epoch 20 | batch 500/3402 | train_loss=0.824334 | train_loss_pointwise=0.824334 | train_loss_ranknet=0.000000 | train_loss_lambda=0.000000 | lr=0.00001000
2026-05-14 11:11:40 | INFO | master | Epoch 20 | batch 600/3402 | train_loss=0.955201 | train_loss_pointwise=0.955201 | train_loss_ranknet=0.000000 | train_loss_lambda=0.000000 | lr=0.00001000
2026-05-14 11:11:43 | INFO | master | Epoch 20 | batch 700/3402 | train_loss=1.018485 | train_loss_pointwise=1.018485 | train_loss_ranknet=0.000000 | train_loss_lambda=0.000000 | lr=0.00001000
2026-05-14 11:11:46 | INFO | master | Epoch 20 | batch 800/3402 | train_loss=0.848687 | train_loss_pointwise=0.848687 | train_loss_ranknet=0.000000 | train_loss_lambda=0.000000 | lr=0.00001000
2026-05-14 11:11:49 | INFO | master | Epoch 20 | batch 900/3402 | train_loss=0.962138 | train_loss_pointwise=0.962138 | train_loss_ranknet=0.000000 | train_loss_lambda=0.000000 | lr=0.00001000
2026-05-14 11:11:52 | INFO | master | Epoch 20 | batch 1000/3402 | train_loss=0.895557 | train_loss_pointwise=0.895557 | train_loss_ranknet=0.000000 | train_loss_lambda=0.000000 | lr=0.00001000
2026-05-14 11:11:55 | INFO | master | Epoch 20 | batch 1100/3402 | train_loss=1.012136 | train_loss_pointwise=1.012136 | train_loss_ranknet=0.000000 | train_loss_lambda=0.000000 | lr=0.00001000
2026-05-14 11:11:58 | INFO | master | Epoch 20 | batch 1200/3402 | train_loss=1.053081 | train_loss_pointwise=1.053081 | train_loss_ranknet=0.000000 | train_loss_lambda=0.000000 | lr=0.00001000
2026-05-14 11:12:01 | INFO | master | Epoch 20 | batch 1300/3402 | train_loss=0.882595 | train_loss_pointwise=0.882595 | train_loss_ranknet=0.000000 | train_loss_lambda=0.000000 | lr=0.00001000
2026-05-14 11:12:04 | INFO | master | Epoch 20 | batch 1400/3402 | train_loss=0.943666 | train_loss_pointwise=0.943666 | train_loss_ranknet=0.000000 | train_loss_lambda=0.000000 | lr=0.00001000
2026-05-14 11:12:07 | INFO | master | Epoch 20 | batch 1500/3402 | train_loss=0.847909 | train_loss_pointwise=0.847909 | train_loss_ranknet=0.000000 | train_loss_lambda=0.000000 | lr=0.00001000
2026-05-14 11:12:10 | INFO | master | Epoch 20 | batch 1600/3402 | train_loss=0.996849 | train_loss_pointwise=0.996849 | train_loss_ranknet=0.000000 | train_loss_lambda=0.000000 | lr=0.00001000
2026-05-14 11:12:13 | INFO | master | Epoch 20 | batch 1700/3402 | train_loss=0.942485 | train_loss_pointwise=0.942485 | train_loss_ranknet=0.000000 | train_loss_lambda=0.000000 | lr=0.00001000
2026-05-14 11:12:15 | INFO | master | Epoch 20 | batch 1800/3402 | train_loss=0.907684 | train_loss_pointwise=0.907684 | train_loss_ranknet=0.000000 | train_loss_lambda=0.000000 | lr=0.00001000
2026-05-14 11:12:18 | INFO | master | Epoch 20 | batch 1900/3402 | train_loss=0.971578 | train_loss_pointwise=0.971578 | train_loss_ranknet=0.000000 | train_loss_lambda=0.000000 | lr=0.00001000
2026-05-14 11:12:21 | INFO | master | Epoch 20 | batch 2000/3402 | train_loss=0.882966 | train_loss_pointwise=0.882966 | train_loss_ranknet=0.000000 | train_loss_lambda=0.000000 | lr=0.00001000
2026-05-14 11:12:24 | INFO | master | Epoch 20 | batch 2100/3402 | train_loss=0.984775 | train_loss_pointwise=0.984775 | train_loss_ranknet=0.000000 | train_loss_lambda=0.000000 | lr=0.00001000
2026-05-14 11:12:27 | INFO | master | Epoch 20 | batch 2200/3402 | train_loss=0.931133 | train_loss_pointwise=0.931133 | train_loss_ranknet=0.000000 | train_loss_lambda=0.000000 | lr=0.00001000
2026-05-14 11:12:30 | INFO | master | Epoch 20 | batch 2300/3402 | train_loss=0.756437 | train_loss_pointwise=0.756437 | train_loss_ranknet=0.000000 | train_loss_lambda=0.000000 | lr=0.00001000
2026-05-14 11:12:33 | INFO | master | Epoch 20 | batch 2400/3402 | train_loss=1.082604 | train_loss_pointwise=1.082604 | train_loss_ranknet=0.000000 | train_loss_lambda=0.000000 | lr=0.00001000
2026-05-14 11:12:36 | INFO | master | Epoch 20 | batch 2500/3402 | train_loss=0.977776 | train_loss_pointwise=0.977776 | train_loss_ranknet=0.000000 | train_loss_lambda=0.000000 | lr=0.00001000
2026-05-14 11:12:39 | INFO | master | Epoch 20 | batch 2600/3402 | train_loss=1.075682 | train_loss_pointwise=1.075682 | train_loss_ranknet=0.000000 | train_loss_lambda=0.000000 | lr=0.00001000
2026-05-14 11:12:42 | INFO | master | Epoch 20 | batch 2700/3402 | train_loss=0.964720 | train_loss_pointwise=0.964720 | train_loss_ranknet=0.000000 | train_loss_lambda=0.000000 | lr=0.00001000
2026-05-14 11:12:45 | INFO | master | Epoch 20 | batch 2800/3402 | train_loss=0.786469 | train_loss_pointwise=0.786469 | train_loss_ranknet=0.000000 | train_loss_lambda=0.000000 | lr=0.00001000
2026-05-14 11:12:48 | INFO | master | Epoch 20 | batch 2900/3402 | train_loss=0.966066 | train_loss_pointwise=0.966066 | train_loss_ranknet=0.000000 | train_loss_lambda=0.000000 | lr=0.00001000
2026-05-14 11:12:51 | INFO | master | Epoch 20 | batch 3000/3402 | train_loss=0.888950 | train_loss_pointwise=0.888950 | train_loss_ranknet=0.000000 | train_loss_lambda=0.000000 | lr=0.00001000
2026-05-14 11:12:54 | INFO | master | Epoch 20 | batch 3100/3402 | train_loss=1.032842 | train_loss_pointwise=1.032842 | train_loss_ranknet=0.000000 | train_loss_lambda=0.000000 | lr=0.00001000
2026-05-14 11:12:57 | INFO | master | Epoch 20 | batch 3200/3402 | train_loss=0.958270 | train_loss_pointwise=0.958270 | train_loss_ranknet=0.000000 | train_loss_lambda=0.000000 | lr=0.00001000
2026-05-14 11:12:59 | INFO | master | Epoch 20 | batch 3300/3402 | train_loss=1.012683 | train_loss_pointwise=1.012683 | train_loss_ranknet=0.000000 | train_loss_lambda=0.000000 | lr=0.00001000
2026-05-14 11:13:02 | INFO | master | Epoch 20 | batch 3400/3402 | train_loss=1.017313 | train_loss_pointwise=1.017313 | train_loss_ranknet=0.000000 | train_loss_lambda=0.000000 | lr=0.00001000
2026-05-14 11:13:02 | INFO | master | Epoch 20 | batch 3402/3402 | train_loss=0.928589 | train_loss_pointwise=0.928589 | train_loss_ranknet=0.000000 | train_loss_lambda=0.000000 | lr=0.00001000
2026-05-14 11:13:10 | INFO | master | Epoch 20 | train_loss=0.953489 | valid_loss=1.012069 | valid_loss_pointwise=1.012069 | valid_loss_ranknet=0.000000 | valid_loss_lambda=0.000000 | monitor=rank_ic=0.047757 | early_stop_bad_epochs=7/10 | R2=-0.014484 | IC=0.049467 | ICIR=0.287702 | RIC=0.047757 | RICIR=0.277525 | samples=143608.000000 | total_trading_days=479.000000 | NDCG@30=0.387075 | NDCGIR@30=3.170261 | PORTFOLIO_NDCG_HARD@30=0.393141 | PORTFOLIO_NDCG_HARDIR@30=3.419214 | PORTFOLIO_NDCG_SOFT@30=0.396675 | PORTFOLIO_NDCG_SOFTIR@30=3.500021 | TOPK_OVERLAP@5=0.026305 | TOPK_OVERLAPIR@5=0.363488 | TOPK_OVERLAP@10=0.044050 | TOPK_OVERLAPIR@10=0.586664 | TOPK_OVERLAP@20=0.086013 | TOPK_OVERLAPIR@20=1.048041 | TOPK_OVERLAP@30=0.118163 | TOPK_OVERLAPIR@30=1.408335 | TOPK_OVERLAP@40=0.153445 | TOPK_OVERLAPIR@40=1.786351 | TOPK_OVERLAP@50=0.186597 | TOPK_OVERLAPIR@50=2.054105
2026-05-14 11:13:13 | INFO | master | Epoch 21 | batch 100/3402 | train_loss=0.907614 | train_loss_pointwise=0.907614 | train_loss_ranknet=0.000000 | train_loss_lambda=0.000000 | lr=0.00001000
2026-05-14 11:13:17 | INFO | master | Epoch 21 | batch 200/3402 | train_loss=0.991055 | train_loss_pointwise=0.991055 | train_loss_ranknet=0.000000 | train_loss_lambda=0.000000 | lr=0.00001000
2026-05-14 11:13:20 | INFO | master | Epoch 21 | batch 300/3402 | train_loss=0.903670 | train_loss_pointwise=0.903670 | train_loss_ranknet=0.000000 | train_loss_lambda=0.000000 | lr=0.00001000
2026-05-14 11:13:23 | INFO | master | Epoch 21 | batch 400/3402 | train_loss=0.946521 | train_loss_pointwise=0.946521 | train_loss_ranknet=0.000000 | train_loss_lambda=0.000000 | lr=0.00001000
2026-05-14 11:13:26 | INFO | master | Epoch 21 | batch 500/3402 | train_loss=1.035414 | train_loss_pointwise=1.035414 | train_loss_ranknet=0.000000 | train_loss_lambda=0.000000 | lr=0.00001000
2026-05-14 11:13:29 | INFO | master | Epoch 21 | batch 600/3402 | train_loss=0.911968 | train_loss_pointwise=0.911968 | train_loss_ranknet=0.000000 | train_loss_lambda=0.000000 | lr=0.00001000
2026-05-14 11:13:31 | INFO | master | Epoch 21 | batch 700/3402 | train_loss=0.960271 | train_loss_pointwise=0.960271 | train_loss_ranknet=0.000000 | train_loss_lambda=0.000000 | lr=0.00001000
2026-05-14 11:13:34 | INFO | master | Epoch 21 | batch 800/3402 | train_loss=0.985398 | train_loss_pointwise=0.985398 | train_loss_ranknet=0.000000 | train_loss_lambda=0.000000 | lr=0.00001000
2026-05-14 11:13:37 | INFO | master | Epoch 21 | batch 900/3402 | train_loss=1.040162 | train_loss_pointwise=1.040162 | train_loss_ranknet=0.000000 | train_loss_lambda=0.000000 | lr=0.00001000
2026-05-14 11:13:40 | INFO | master | Epoch 21 | batch 1000/3402 | train_loss=0.961578 | train_loss_pointwise=0.961578 | train_loss_ranknet=0.000000 | train_loss_lambda=0.000000 | lr=0.00001000
2026-05-14 11:13:43 | INFO | master | Epoch 21 | batch 1100/3402 | train_loss=1.034516 | train_loss_pointwise=1.034516 | train_loss_ranknet=0.000000 | train_loss_lambda=0.000000 | lr=0.00001000
2026-05-14 11:13:46 | INFO | master | Epoch 21 | batch 1200/3402 | train_loss=0.882955 | train_loss_pointwise=0.882955 | train_loss_ranknet=0.000000 | train_loss_lambda=0.000000 | lr=0.00001000
2026-05-14 11:13:49 | INFO | master | Epoch 21 | batch 1300/3402 | train_loss=0.981239 | train_loss_pointwise=0.981239 | train_loss_ranknet=0.000000 | train_loss_lambda=0.000000 | lr=0.00001000
2026-05-14 11:13:52 | INFO | master | Epoch 21 | batch 1400/3402 | train_loss=0.932134 | train_loss_pointwise=0.932134 | train_loss_ranknet=0.000000 | train_loss_lambda=0.000000 | lr=0.00001000
2026-05-14 11:13:55 | INFO | master | Epoch 21 | batch 1500/3402 | train_loss=0.952669 | train_loss_pointwise=0.952669 | train_loss_ranknet=0.000000 | train_loss_lambda=0.000000 | lr=0.00001000
2026-05-14 11:13:58 | INFO | master | Epoch 21 | batch 1600/3402 | train_loss=0.827037 | train_loss_pointwise=0.827037 | train_loss_ranknet=0.000000 | train_loss_lambda=0.000000 | lr=0.00001000
2026-05-14 11:14:01 | INFO | master | Epoch 21 | batch 1700/3402 | train_loss=0.966755 | train_loss_pointwise=0.966755 | train_loss_ranknet=0.000000 | train_loss_lambda=0.000000 | lr=0.00001000
2026-05-14 11:14:04 | INFO | master | Epoch 21 | batch 1800/3402 | train_loss=0.927871 | train_loss_pointwise=0.927871 | train_loss_ranknet=0.000000 | train_loss_lambda=0.000000 | lr=0.00001000
2026-05-14 11:14:07 | INFO | master | Epoch 21 | batch 1900/3402 | train_loss=0.888393 | train_loss_pointwise=0.888393 | train_loss_ranknet=0.000000 | train_loss_lambda=0.000000 | lr=0.00001000
2026-05-14 11:14:10 | INFO | master | Epoch 21 | batch 2000/3402 | train_loss=0.963115 | train_loss_pointwise=0.963115 | train_loss_ranknet=0.000000 | train_loss_lambda=0.000000 | lr=0.00001000
2026-05-14 11:14:13 | INFO | master | Epoch 21 | batch 2100/3402 | train_loss=0.973048 | train_loss_pointwise=0.973048 | train_loss_ranknet=0.000000 | train_loss_lambda=0.000000 | lr=0.00001000
2026-05-14 11:14:16 | INFO | master | Epoch 21 | batch 2200/3402 | train_loss=0.944709 | train_loss_pointwise=0.944709 | train_loss_ranknet=0.000000 | train_loss_lambda=0.000000 | lr=0.00001000
2026-05-14 11:14:19 | INFO | master | Epoch 21 | batch 2300/3402 | train_loss=0.968559 | train_loss_pointwise=0.968559 | train_loss_ranknet=0.000000 | train_loss_lambda=0.000000 | lr=0.00001000
2026-05-14 11:14:22 | INFO | master | Epoch 21 | batch 2400/3402 | train_loss=1.016212 | train_loss_pointwise=1.016212 | train_loss_ranknet=0.000000 | train_loss_lambda=0.000000 | lr=0.00001000
2026-05-14 11:14:25 | INFO | master | Epoch 21 | batch 2500/3402 | train_loss=0.942018 | train_loss_pointwise=0.942018 | train_loss_ranknet=0.000000 | train_loss_lambda=0.000000 | lr=0.00001000
2026-05-14 11:14:28 | INFO | master | Epoch 21 | batch 2600/3402 | train_loss=0.985110 | train_loss_pointwise=0.985110 | train_loss_ranknet=0.000000 | train_loss_lambda=0.000000 | lr=0.00001000
2026-05-14 11:14:31 | INFO | master | Epoch 21 | batch 2700/3402 | train_loss=0.920487 | train_loss_pointwise=0.920487 | train_loss_ranknet=0.000000 | train_loss_lambda=0.000000 | lr=0.00001000
2026-05-14 11:14:34 | INFO | master | Epoch 21 | batch 2800/3402 | train_loss=1.010314 | train_loss_pointwise=1.010314 | train_loss_ranknet=0.000000 | train_loss_lambda=0.000000 | lr=0.00001000
2026-05-14 11:14:37 | INFO | master | Epoch 21 | batch 2900/3402 | train_loss=0.927920 | train_loss_pointwise=0.927920 | train_loss_ranknet=0.000000 | train_loss_lambda=0.000000 | lr=0.00001000
2026-05-14 11:14:40 | INFO | master | Epoch 21 | batch 3000/3402 | train_loss=0.941354 | train_loss_pointwise=0.941354 | train_loss_ranknet=0.000000 | train_loss_lambda=0.000000 | lr=0.00001000
2026-05-14 11:14:43 | INFO | master | Epoch 21 | batch 3100/3402 | train_loss=1.037253 | train_loss_pointwise=1.037253 | train_loss_ranknet=0.000000 | train_loss_lambda=0.000000 | lr=0.00001000
2026-05-14 11:14:46 | INFO | master | Epoch 21 | batch 3200/3402 | train_loss=0.960802 | train_loss_pointwise=0.960802 | train_loss_ranknet=0.000000 | train_loss_lambda=0.000000 | lr=0.00001000
2026-05-14 11:14:49 | INFO | master | Epoch 21 | batch 3300/3402 | train_loss=1.006784 | train_loss_pointwise=1.006784 | train_loss_ranknet=0.000000 | train_loss_lambda=0.000000 | lr=0.00001000
2026-05-14 11:14:52 | INFO | master | Epoch 21 | batch 3400/3402 | train_loss=0.755198 | train_loss_pointwise=0.755198 | train_loss_ranknet=0.000000 | train_loss_lambda=0.000000 | lr=0.00001000
2026-05-14 11:14:52 | INFO | master | Epoch 21 | batch 3402/3402 | train_loss=0.886068 | train_loss_pointwise=0.886068 | train_loss_ranknet=0.000000 | train_loss_lambda=0.000000 | lr=0.00001000
2026-05-14 11:14:59 | INFO | master | Epoch 21 | train_loss=0.951478 | valid_loss=1.005708 | valid_loss_pointwise=1.005708 | valid_loss_ranknet=0.000000 | valid_loss_lambda=0.000000 | monitor=rank_ic=0.054456 | early_stop_bad_epochs=8/10 | R2=-0.008108 | IC=0.057215 | ICIR=0.369347 | RIC=0.054456 | RICIR=0.350867 | samples=143608.000000 | total_trading_days=479.000000 | NDCG@30=0.389484 | NDCGIR@30=3.556379 | PORTFOLIO_NDCG_HARD@30=0.397187 | PORTFOLIO_NDCG_HARDIR@30=3.849709 | PORTFOLIO_NDCG_SOFT@30=0.400599 | PORTFOLIO_NDCG_SOFTIR@30=3.946783 | TOPK_OVERLAP@5=0.022129 | TOPK_OVERLAPIR@5=0.338646 | TOPK_OVERLAP@10=0.041127 | TOPK_OVERLAPIR@10=0.556116 | TOPK_OVERLAP@20=0.079436 | TOPK_OVERLAPIR@20=1.036219 | TOPK_OVERLAP@30=0.113848 | TOPK_OVERLAPIR@30=1.391371 | TOPK_OVERLAP@40=0.149426 | TOPK_OVERLAPIR@40=1.837036 | TOPK_OVERLAP@50=0.182923 | TOPK_OVERLAPIR@50=2.221435
2026-05-14 11:15:02 | INFO | master | Epoch 22 | batch 100/3402 | train_loss=0.955813 | train_loss_pointwise=0.955813 | train_loss_ranknet=0.000000 | train_loss_lambda=0.000000 | lr=0.00001000
2026-05-14 11:15:05 | INFO | master | Epoch 22 | batch 200/3402 | train_loss=0.889360 | train_loss_pointwise=0.889360 | train_loss_ranknet=0.000000 | train_loss_lambda=0.000000 | lr=0.00001000
2026-05-14 11:15:08 | INFO | master | Epoch 22 | batch 300/3402 | train_loss=0.998583 | train_loss_pointwise=0.998583 | train_loss_ranknet=0.000000 | train_loss_lambda=0.000000 | lr=0.00001000
2026-05-14 11:15:10 | INFO | master | Epoch 22 | batch 400/3402 | train_loss=0.962367 | train_loss_pointwise=0.962367 | train_loss_ranknet=0.000000 | train_loss_lambda=0.000000 | lr=0.00001000
2026-05-14 11:15:13 | INFO | master | Epoch 22 | batch 500/3402 | train_loss=0.956252 | train_loss_pointwise=0.956252 | train_loss_ranknet=0.000000 | train_loss_lambda=0.000000 | lr=0.00001000
2026-05-14 11:15:16 | INFO | master | Epoch 22 | batch 600/3402 | train_loss=0.921073 | train_loss_pointwise=0.921073 | train_loss_ranknet=0.000000 | train_loss_lambda=0.000000 | lr=0.00001000
2026-05-14 11:15:19 | INFO | master | Epoch 22 | batch 700/3402 | train_loss=0.890926 | train_loss_pointwise=0.890926 | train_loss_ranknet=0.000000 | train_loss_lambda=0.000000 | lr=0.00001000
2026-05-14 11:15:22 | INFO | master | Epoch 22 | batch 800/3402 | train_loss=0.949695 | train_loss_pointwise=0.949695 | train_loss_ranknet=0.000000 | train_loss_lambda=0.000000 | lr=0.00001000
2026-05-14 11:15:25 | INFO | master | Epoch 22 | batch 900/3402 | train_loss=0.836998 | train_loss_pointwise=0.836998 | train_loss_ranknet=0.000000 | train_loss_lambda=0.000000 | lr=0.00001000
2026-05-14 11:15:28 | INFO | master | Epoch 22 | batch 1000/3402 | train_loss=0.897625 | train_loss_pointwise=0.897625 | train_loss_ranknet=0.000000 | train_loss_lambda=0.000000 | lr=0.00001000
2026-05-14 11:15:31 | INFO | master | Epoch 22 | batch 1100/3402 | train_loss=0.950562 | train_loss_pointwise=0.950562 | train_loss_ranknet=0.000000 | train_loss_lambda=0.000000 | lr=0.00001000
2026-05-14 11:15:34 | INFO | master | Epoch 22 | batch 1200/3402 | train_loss=0.881375 | train_loss_pointwise=0.881375 | train_loss_ranknet=0.000000 | train_loss_lambda=0.000000 | lr=0.00001000
2026-05-14 11:15:37 | INFO | master | Epoch 22 | batch 1300/3402 | train_loss=0.952437 | train_loss_pointwise=0.952437 | train_loss_ranknet=0.000000 | train_loss_lambda=0.000000 | lr=0.00001000
2026-05-14 11:15:41 | INFO | master | Epoch 22 | batch 1400/3402 | train_loss=0.936141 | train_loss_pointwise=0.936141 | train_loss_ranknet=0.000000 | train_loss_lambda=0.000000 | lr=0.00001000
2026-05-14 11:15:43 | INFO | master | Epoch 22 | batch 1500/3402 | train_loss=0.929767 | train_loss_pointwise=0.929767 | train_loss_ranknet=0.000000 | train_loss_lambda=0.000000 | lr=0.00001000
2026-05-14 11:15:46 | INFO | master | Epoch 22 | batch 1600/3402 | train_loss=1.026086 | train_loss_pointwise=1.026086 | train_loss_ranknet=0.000000 | train_loss_lambda=0.000000 | lr=0.00001000
2026-05-14 11:15:49 | INFO | master | Epoch 22 | batch 1700/3402 | train_loss=1.027180 | train_loss_pointwise=1.027180 | train_loss_ranknet=0.000000 | train_loss_lambda=0.000000 | lr=0.00001000
2026-05-14 11:15:52 | INFO | master | Epoch 22 | batch 1800/3402 | train_loss=0.961382 | train_loss_pointwise=0.961382 | train_loss_ranknet=0.000000 | train_loss_lambda=0.000000 | lr=0.00001000
2026-05-14 11:15:55 | INFO | master | Epoch 22 | batch 1900/3402 | train_loss=1.050530 | train_loss_pointwise=1.050530 | train_loss_ranknet=0.000000 | train_loss_lambda=0.000000 | lr=0.00001000
2026-05-14 11:15:58 | INFO | master | Epoch 22 | batch 2000/3402 | train_loss=0.957961 | train_loss_pointwise=0.957961 | train_loss_ranknet=0.000000 | train_loss_lambda=0.000000 | lr=0.00001000
2026-05-14 11:16:01 | INFO | master | Epoch 22 | batch 2100/3402 | train_loss=1.021096 | train_loss_pointwise=1.021096 | train_loss_ranknet=0.000000 | train_loss_lambda=0.000000 | lr=0.00001000
2026-05-14 11:16:04 | INFO | master | Epoch 22 | batch 2200/3402 | train_loss=1.002715 | train_loss_pointwise=1.002715 | train_loss_ranknet=0.000000 | train_loss_lambda=0.000000 | lr=0.00001000
2026-05-14 11:16:06 | INFO | master | Epoch 22 | batch 2300/3402 | train_loss=0.946466 | train_loss_pointwise=0.946466 | train_loss_ranknet=0.000000 | train_loss_lambda=0.000000 | lr=0.00001000
2026-05-14 11:16:09 | INFO | master | Epoch 22 | batch 2400/3402 | train_loss=1.057324 | train_loss_pointwise=1.057324 | train_loss_ranknet=0.000000 | train_loss_lambda=0.000000 | lr=0.00001000
2026-05-14 11:16:12 | INFO | master | Epoch 22 | batch 2500/3402 | train_loss=0.837437 | train_loss_pointwise=0.837437 | train_loss_ranknet=0.000000 | train_loss_lambda=0.000000 | lr=0.00001000
2026-05-14 11:16:15 | INFO | master | Epoch 22 | batch 2600/3402 | train_loss=0.990031 | train_loss_pointwise=0.990031 | train_loss_ranknet=0.000000 | train_loss_lambda=0.000000 | lr=0.00001000
2026-05-14 11:16:18 | INFO | master | Epoch 22 | batch 2700/3402 | train_loss=1.015092 | train_loss_pointwise=1.015092 | train_loss_ranknet=0.000000 | train_loss_lambda=0.000000 | lr=0.00001000
2026-05-14 11:16:21 | INFO | master | Epoch 22 | batch 2800/3402 | train_loss=1.056231 | train_loss_pointwise=1.056231 | train_loss_ranknet=0.000000 | train_loss_lambda=0.000000 | lr=0.00001000
2026-05-14 11:16:24 | INFO | master | Epoch 22 | batch 2900/3402 | train_loss=0.977766 | train_loss_pointwise=0.977766 | train_loss_ranknet=0.000000 | train_loss_lambda=0.000000 | lr=0.00001000
2026-05-14 11:16:27 | INFO | master | Epoch 22 | batch 3000/3402 | train_loss=0.971820 | train_loss_pointwise=0.971820 | train_loss_ranknet=0.000000 | train_loss_lambda=0.000000 | lr=0.00001000
2026-05-14 11:16:30 | INFO | master | Epoch 22 | batch 3100/3402 | train_loss=0.839122 | train_loss_pointwise=0.839122 | train_loss_ranknet=0.000000 | train_loss_lambda=0.000000 | lr=0.00001000
2026-05-14 11:16:33 | INFO | master | Epoch 22 | batch 3200/3402 | train_loss=0.950955 | train_loss_pointwise=0.950955 | train_loss_ranknet=0.000000 | train_loss_lambda=0.000000 | lr=0.00001000
2026-05-14 11:16:36 | INFO | master | Epoch 22 | batch 3300/3402 | train_loss=0.966190 | train_loss_pointwise=0.966190 | train_loss_ranknet=0.000000 | train_loss_lambda=0.000000 | lr=0.00001000
2026-05-14 11:16:39 | INFO | master | Epoch 22 | batch 3400/3402 | train_loss=0.958511 | train_loss_pointwise=0.958511 | train_loss_ranknet=0.000000 | train_loss_lambda=0.000000 | lr=0.00001000
2026-05-14 11:16:39 | INFO | master | Epoch 22 | batch 3402/3402 | train_loss=0.849737 | train_loss_pointwise=0.849737 | train_loss_ranknet=0.000000 | train_loss_lambda=0.000000 | lr=0.00001000
2026-05-14 11:16:47 | INFO | master | Epoch 22 | train_loss=0.949520 | valid_loss=1.008300 | valid_loss_pointwise=1.008300 | valid_loss_ranknet=0.000000 | valid_loss_lambda=0.000000 | monitor=rank_ic=0.059918 | early_stop_bad_epochs=9/10 | R2=-0.010706 | IC=0.062288 | ICIR=0.396082 | RIC=0.059918 | RICIR=0.382205 | samples=143608.000000 | total_trading_days=479.000000 | NDCG@30=0.385837 | NDCGIR@30=3.440163 | PORTFOLIO_NDCG_HARD@30=0.393403 | PORTFOLIO_NDCG_HARDIR@30=3.731648 | PORTFOLIO_NDCG_SOFT@30=0.396821 | PORTFOLIO_NDCG_SOFTIR@30=3.823913 | TOPK_OVERLAP@5=0.022129 | TOPK_OVERLAPIR@5=0.345469 | TOPK_OVERLAP@10=0.037787 | TOPK_OVERLAPIR@10=0.578166 | TOPK_OVERLAP@20=0.074113 | TOPK_OVERLAPIR@20=0.978303 | TOPK_OVERLAP@30=0.106054 | TOPK_OVERLAPIR@30=1.352882 | TOPK_OVERLAP@40=0.140814 | TOPK_OVERLAPIR@40=1.725290 | TOPK_OVERLAP@50=0.175407 | TOPK_OVERLAPIR@50=2.055221
2026-05-14 11:16:50 | INFO | master | Epoch 23 | batch 100/3402 | train_loss=0.946988 | train_loss_pointwise=0.946988 | train_loss_ranknet=0.000000 | train_loss_lambda=0.000000 | lr=0.00001000
2026-05-14 11:16:53 | INFO | master | Epoch 23 | batch 200/3402 | train_loss=0.903200 | train_loss_pointwise=0.903200 | train_loss_ranknet=0.000000 | train_loss_lambda=0.000000 | lr=0.00001000
2026-05-14 11:16:56 | INFO | master | Epoch 23 | batch 300/3402 | train_loss=0.911046 | train_loss_pointwise=0.911046 | train_loss_ranknet=0.000000 | train_loss_lambda=0.000000 | lr=0.00001000
2026-05-14 11:16:59 | INFO | master | Epoch 23 | batch 400/3402 | train_loss=0.997064 | train_loss_pointwise=0.997064 | train_loss_ranknet=0.000000 | train_loss_lambda=0.000000 | lr=0.00001000
2026-05-14 11:17:01 | INFO | master | Epoch 23 | batch 500/3402 | train_loss=0.921319 | train_loss_pointwise=0.921319 | train_loss_ranknet=0.000000 | train_loss_lambda=0.000000 | lr=0.00001000
2026-05-14 11:17:05 | INFO | master | Epoch 23 | batch 600/3402 | train_loss=0.897812 | train_loss_pointwise=0.897812 | train_loss_ranknet=0.000000 | train_loss_lambda=0.000000 | lr=0.00001000
2026-05-14 11:17:08 | INFO | master | Epoch 23 | batch 700/3402 | train_loss=0.910794 | train_loss_pointwise=0.910794 | train_loss_ranknet=0.000000 | train_loss_lambda=0.000000 | lr=0.00001000
2026-05-14 11:17:10 | INFO | master | Epoch 23 | batch 800/3402 | train_loss=0.929924 | train_loss_pointwise=0.929924 | train_loss_ranknet=0.000000 | train_loss_lambda=0.000000 | lr=0.00001000
2026-05-14 11:17:13 | INFO | master | Epoch 23 | batch 900/3402 | train_loss=0.893496 | train_loss_pointwise=0.893496 | train_loss_ranknet=0.000000 | train_loss_lambda=0.000000 | lr=0.00001000
2026-05-14 11:17:16 | INFO | master | Epoch 23 | batch 1000/3402 | train_loss=0.903603 | train_loss_pointwise=0.903603 | train_loss_ranknet=0.000000 | train_loss_lambda=0.000000 | lr=0.00001000
2026-05-14 11:17:19 | INFO | master | Epoch 23 | batch 1100/3402 | train_loss=0.941277 | train_loss_pointwise=0.941277 | train_loss_ranknet=0.000000 | train_loss_lambda=0.000000 | lr=0.00001000
2026-05-14 11:17:22 | INFO | master | Epoch 23 | batch 1200/3402 | train_loss=0.965514 | train_loss_pointwise=0.965514 | train_loss_ranknet=0.000000 | train_loss_lambda=0.000000 | lr=0.00001000
2026-05-14 11:17:25 | INFO | master | Epoch 23 | batch 1300/3402 | train_loss=0.937014 | train_loss_pointwise=0.937014 | train_loss_ranknet=0.000000 | train_loss_lambda=0.000000 | lr=0.00001000
2026-05-14 11:17:27 | INFO | master | Epoch 23 | batch 1400/3402 | train_loss=0.932378 | train_loss_pointwise=0.932378 | train_loss_ranknet=0.000000 | train_loss_lambda=0.000000 | lr=0.00001000
2026-05-14 11:17:30 | INFO | master | Epoch 23 | batch 1500/3402 | train_loss=0.942412 | train_loss_pointwise=0.942412 | train_loss_ranknet=0.000000 | train_loss_lambda=0.000000 | lr=0.00001000
2026-05-14 11:17:33 | INFO | master | Epoch 23 | batch 1600/3402 | train_loss=0.985191 | train_loss_pointwise=0.985191 | train_loss_ranknet=0.000000 | train_loss_lambda=0.000000 | lr=0.00001000
2026-05-14 11:17:36 | INFO | master | Epoch 23 | batch 1700/3402 | train_loss=0.993790 | train_loss_pointwise=0.993790 | train_loss_ranknet=0.000000 | train_loss_lambda=0.000000 | lr=0.00001000
2026-05-14 11:17:39 | INFO | master | Epoch 23 | batch 1800/3402 | train_loss=0.975566 | train_loss_pointwise=0.975566 | train_loss_ranknet=0.000000 | train_loss_lambda=0.000000 | lr=0.00001000
2026-05-14 11:17:42 | INFO | master | Epoch 23 | batch 1900/3402 | train_loss=0.978917 | train_loss_pointwise=0.978917 | train_loss_ranknet=0.000000 | train_loss_lambda=0.000000 | lr=0.00001000
2026-05-14 11:17:45 | INFO | master | Epoch 23 | batch 2000/3402 | train_loss=1.017435 | train_loss_pointwise=1.017435 | train_loss_ranknet=0.000000 | train_loss_lambda=0.000000 | lr=0.00001000
2026-05-14 11:17:48 | INFO | master | Epoch 23 | batch 2100/3402 | train_loss=1.083187 | train_loss_pointwise=1.083187 | train_loss_ranknet=0.000000 | train_loss_lambda=0.000000 | lr=0.00001000
2026-05-14 11:17:51 | INFO | master | Epoch 23 | batch 2200/3402 | train_loss=0.881543 | train_loss_pointwise=0.881543 | train_loss_ranknet=0.000000 | train_loss_lambda=0.000000 | lr=0.00001000
2026-05-14 11:17:54 | INFO | master | Epoch 23 | batch 2300/3402 | train_loss=0.952191 | train_loss_pointwise=0.952191 | train_loss_ranknet=0.000000 | train_loss_lambda=0.000000 | lr=0.00001000
2026-05-14 11:17:57 | INFO | master | Epoch 23 | batch 2400/3402 | train_loss=0.942011 | train_loss_pointwise=0.942011 | train_loss_ranknet=0.000000 | train_loss_lambda=0.000000 | lr=0.00001000
2026-05-14 11:18:00 | INFO | master | Epoch 23 | batch 2500/3402 | train_loss=0.983126 | train_loss_pointwise=0.983126 | train_loss_ranknet=0.000000 | train_loss_lambda=0.000000 | lr=0.00001000
2026-05-14 11:18:04 | INFO | master | Epoch 23 | batch 2600/3402 | train_loss=0.904827 | train_loss_pointwise=0.904827 | train_loss_ranknet=0.000000 | train_loss_lambda=0.000000 | lr=0.00001000
2026-05-14 11:18:07 | INFO | master | Epoch 23 | batch 2700/3402 | train_loss=1.011558 | train_loss_pointwise=1.011558 | train_loss_ranknet=0.000000 | train_loss_lambda=0.000000 | lr=0.00001000
2026-05-14 11:18:10 | INFO | master | Epoch 23 | batch 2800/3402 | train_loss=0.886793 | train_loss_pointwise=0.886793 | train_loss_ranknet=0.000000 | train_loss_lambda=0.000000 | lr=0.00001000
2026-05-14 11:18:14 | INFO | master | Epoch 23 | batch 2900/3402 | train_loss=0.865692 | train_loss_pointwise=0.865692 | train_loss_ranknet=0.000000 | train_loss_lambda=0.000000 | lr=0.00001000
2026-05-14 11:18:16 | INFO | master | Epoch 23 | batch 3000/3402 | train_loss=0.600348 | train_loss_pointwise=0.600348 | train_loss_ranknet=0.000000 | train_loss_lambda=0.000000 | lr=0.00001000
2026-05-14 11:18:19 | INFO | master | Epoch 23 | batch 3100/3402 | train_loss=0.995893 | train_loss_pointwise=0.995893 | train_loss_ranknet=0.000000 | train_loss_lambda=0.000000 | lr=0.00001000
2026-05-14 11:18:21 | INFO | master | Epoch 23 | batch 3200/3402 | train_loss=0.976525 | train_loss_pointwise=0.976525 | train_loss_ranknet=0.000000 | train_loss_lambda=0.000000 | lr=0.00001000
2026-05-14 11:18:23 | INFO | master | Epoch 23 | batch 3300/3402 | train_loss=0.923610 | train_loss_pointwise=0.923610 | train_loss_ranknet=0.000000 | train_loss_lambda=0.000000 | lr=0.00001000
2026-05-14 11:18:26 | INFO | master | Epoch 23 | batch 3400/3402 | train_loss=0.963807 | train_loss_pointwise=0.963807 | train_loss_ranknet=0.000000 | train_loss_lambda=0.000000 | lr=0.00001000
2026-05-14 11:18:26 | INFO | master | Epoch 23 | batch 3402/3402 | train_loss=1.020250 | train_loss_pointwise=1.020250 | train_loss_ranknet=0.000000 | train_loss_lambda=0.000000 | lr=0.00001000
2026-05-14 11:18:30 | INFO | master | Epoch 23 | train_loss=0.947603 | valid_loss=1.011128 | valid_loss_pointwise=1.011128 | valid_loss_ranknet=0.000000 | valid_loss_lambda=0.000000 | monitor=rank_ic=0.048359 | early_stop_bad_epochs=10/10 | R2=-0.013542 | IC=0.050470 | ICIR=0.313766 | RIC=0.048359 | RICIR=0.299362 | samples=143608.000000 | total_trading_days=479.000000 | NDCG@30=0.388366 | NDCGIR@30=3.491553 | PORTFOLIO_NDCG_HARD@30=0.396098 | PORTFOLIO_NDCG_HARDIR@30=3.715549 | PORTFOLIO_NDCG_SOFT@30=0.399505 | PORTFOLIO_NDCG_SOFTIR@30=3.806052 | TOPK_OVERLAP@5=0.025887 | TOPK_OVERLAPIR@5=0.359845 | TOPK_OVERLAP@10=0.043633 | TOPK_OVERLAPIR@10=0.606626 | TOPK_OVERLAP@20=0.083507 | TOPK_OVERLAPIR@20=1.075141 | TOPK_OVERLAP@30=0.117745 | TOPK_OVERLAPIR@30=1.459124 | TOPK_OVERLAP@40=0.151827 | TOPK_OVERLAPIR@40=1.814737 | TOPK_OVERLAP@50=0.185595 | TOPK_OVERLAPIR@50=2.201021
2026-05-14 11:18:30 | INFO | master | Early stopping triggered at epoch 23. Best epoch=13, monitor=rank_ic, best_monitor_value=0.080292 | best_valid_loss=0.993691 | best_train_loss=0.966473
2026-05-14 11:18:30 | INFO | master | Checkpoints | best=runs/20260514_101616_master_alpha158_csi300_20080101_20260331/checkpoints/best_model_epoch_0013_valid_ric_0p080292.pt | latest=runs/20260514_101616_master_alpha158_csi300_20080101_20260331/checkpoints/latest_model_epoch_0023_train_loss_0p947603.pt
2026-05-14 11:18:35 | INFO | master | Best epoch=13 | monitor=rank_ic | best_monitor_value=0.080292 | best_valid_loss=0.993691 | best_train_loss=0.966473 | test_loss=0.994809 | test_loss_pointwise=0.994809 | test_loss_ranknet=0.000000 | test_loss_lambda=0.000000 | R2=0.002818 | IC=0.086808 | ICIR=0.388962 | RIC=0.082098 | RICIR=0.368530 | samples=144977.000000 | total_trading_days=485.000000 | NDCG@30=0.395883 | NDCGIR@30=2.846243 | PORTFOLIO_NDCG_HARD@30=0.402401 | PORTFOLIO_NDCG_HARDIR@30=2.991751 | PORTFOLIO_NDCG_SOFT@30=0.405763 | PORTFOLIO_NDCG_SOFTIR@30=3.051914 | TOPK_OVERLAP@5=0.010722 | TOPK_OVERLAPIR@5=0.228882 | TOPK_OVERLAP@10=0.028454 | TOPK_OVERLAPIR@10=0.468710 | TOPK_OVERLAP@20=0.061237 | TOPK_OVERLAPIR@20=0.861373 | TOPK_OVERLAP@30=0.098419 | TOPK_OVERLAPIR@30=1.184031 | TOPK_OVERLAP@40=0.136495 | TOPK_OVERLAPIR@40=1.489502 | TOPK_OVERLAP@50=0.172907 | TOPK_OVERLAPIR@50=1.761175
2026-05-14 11:19:56 | INFO | master | Backtest | AR=0.348845 | CR=0.899851 | SR_CUSTOM=1.993386 | SR_QLIB_ZERO_RF=1.993386 | MDD=-0.082680 | WIN_RATE=0.525773 | GAIN_LOSS_RATIO=1.333903 | VOL=0.011024 | TURNOVER=0.133074 | EXCESS_AR=0.175972 | EXCESS_CR=0.385542 | IR=1.543323 | EXCESS_MDD=-0.143568 | EXCESS_WIN_RATE=0.554639 | EXCESS_GAIN_LOSS_RATIO=1.039686 | EXCESS_VOL=0.007183
2026-05-14 11:19:56 | INFO | master | Backtest chart html saved to runs/20260514_101616_master_alpha158_csi300_20080101_20260331/backtest/equity_curve.html
2026-05-14 11:19:56 | INFO | master | Backtest chart png saved to runs/20260514_101616_master_alpha158_csi300_20080101_20260331/backtest/equity_curve.png
2026-05-14 11:19:57 | INFO | master | Summary | valid | loss=1.011128 | R2=-0.013542 | IC=0.050470 | ICIR=0.313766 | RIC=0.048359 | RICIR=0.299362 | samples=143608.000000 | total_trading_days=479.000000 | NDCG@30=0.388366 | NDCGIR@30=3.491553 | PORTFOLIO_NDCG_HARD@30=0.396098 | PORTFOLIO_NDCG_HARDIR@30=3.715549 | PORTFOLIO_NDCG_SOFT@30=0.399505 | PORTFOLIO_NDCG_SOFTIR@30=3.806052 | TOPK_OVERLAP@5=0.025887 | TOPK_OVERLAPIR@5=0.359845 | TOPK_OVERLAP@10=0.043633 | TOPK_OVERLAPIR@10=0.606626 | TOPK_OVERLAP@20=0.083507 | TOPK_OVERLAPIR@20=1.075141 | TOPK_OVERLAP@30=0.117745 | TOPK_OVERLAPIR@30=1.459124 | TOPK_OVERLAP@40=0.151827 | TOPK_OVERLAPIR@40=1.814737 | TOPK_OVERLAP@50=0.185595 | TOPK_OVERLAPIR@50=2.201021 | loss_pointwise=1.011128 | loss_ranknet=0.000000 | loss_lambda=0.000000
2026-05-14 11:19:57 | INFO | master | Summary | test | loss=0.994809 | R2=0.002818 | IC=0.086808 | ICIR=0.388962 | RIC=0.082098 | RICIR=0.368530 | samples=144977.000000 | total_trading_days=485.000000 | NDCG@30=0.395883 | NDCGIR@30=2.846243 | PORTFOLIO_NDCG_HARD@30=0.402401 | PORTFOLIO_NDCG_HARDIR@30=2.991751 | PORTFOLIO_NDCG_SOFT@30=0.405763 | PORTFOLIO_NDCG_SOFTIR@30=3.051914 | TOPK_OVERLAP@5=0.010722 | TOPK_OVERLAPIR@5=0.228882 | TOPK_OVERLAP@10=0.028454 | TOPK_OVERLAPIR@10=0.468710 | TOPK_OVERLAP@20=0.061237 | TOPK_OVERLAPIR@20=0.861373 | TOPK_OVERLAP@30=0.098419 | TOPK_OVERLAPIR@30=1.184031 | TOPK_OVERLAP@40=0.136495 | TOPK_OVERLAPIR@40=1.489502 | TOPK_OVERLAP@50=0.172907 | TOPK_OVERLAPIR@50=1.761175 | loss_pointwise=0.994809 | loss_ranknet=0.000000 | loss_lambda=0.000000
2026-05-14 11:19:57 | INFO | master | Summary | backtest | AR=0.348845 | CR=0.899851 | SR_CUSTOM=1.993386 | SR_QLIB_ZERO_RF=1.993386 | MDD=-0.082680 | WIN_RATE=0.525773 | GAIN_LOSS_RATIO=1.333903 | VOL=0.011024 | TURNOVER=0.133074 | EXCESS_AR=0.175972 | EXCESS_CR=0.385542 | IR=1.543323 | EXCESS_MDD=-0.143568 | EXCESS_WIN_RATE=0.554639 | EXCESS_GAIN_LOSS_RATIO=1.039686 | EXCESS_VOL=0.007183
2026-05-14 11:19:57 | INFO | master | Summary | checkpoints | best=runs/20260514_101616_master_alpha158_csi300_20080101_20260331/checkpoints/best_model_epoch_0013_valid_ric_0p080292.pt | latest=runs/20260514_101616_master_alpha158_csi300_20080101_20260331/checkpoints/latest_model_epoch_0023_train_loss_0p947603.pt
2026-05-14 11:19:57 | INFO | master | Run completed. Summary saved to runs/20260514_101616_master_alpha158_csi300_20080101_20260331/summary.json
